# Blender 4.3.2
# www.blender.org
mtllib brick wall.mtl
o Cube
v 0.056205 0.081416 -0.210508
v 0.056205 0.098525 -0.173953
v 0.068016 0.081416 -0.173953
v 0.056205 -0.098525 -0.173953
v 0.056205 -0.081416 -0.210508
v 0.068016 -0.081416 -0.173953
v 0.056205 0.081416 -0.639944
v 0.056205 0.098525 -0.603388
v 0.068016 0.081416 -0.603388
v 0.056205 -0.098525 -0.603388
v 0.056205 -0.081416 -0.639944
v 0.068016 -0.081416 -0.603388
v 0.068016 0.081416 -0.255483
v 0.056205 0.098525 -0.255483
v 0.056205 0.081416 -0.218928
v 0.068016 -0.081416 -0.255483
v 0.056205 -0.081416 -0.218928
v 0.056205 -0.098525 -0.255483
v 0.056205 0.081416 -1.069379
v 0.056205 0.098525 -1.032824
v 0.068016 0.081416 -1.032824
v 0.056205 -0.098525 -1.032824
v 0.056205 -0.081416 -1.069379
v 0.068016 -0.081416 -1.032824
v 0.068016 0.081416 -0.684919
v 0.056205 0.098525 -0.684919
v 0.056205 0.081416 -0.648364
v 0.068016 -0.081416 -0.684919
v 0.056205 -0.081416 -0.648364
v 0.056205 -0.098525 -0.684919
v 0.056205 0.081416 -1.498815
v 0.056205 0.098525 -1.462260
v 0.068016 0.081416 -1.462260
v 0.056205 -0.098525 -1.462260
v 0.056205 -0.081416 -1.498815
v 0.068016 -0.081416 -1.462260
v 0.068016 0.081416 -1.114355
v 0.056205 0.098525 -1.114355
v 0.056205 0.081416 -1.077800
v 0.068016 -0.081416 -1.114355
v 0.056205 -0.081416 -1.077800
v 0.056205 -0.098525 -1.114355
v 0.056205 0.081416 -1.928251
v 0.056205 0.098525 -1.891696
v 0.068016 0.081416 -1.891696
v 0.056205 -0.098525 -1.891696
v 0.056205 -0.081416 -1.928251
v 0.068016 -0.081416 -1.891696
v 0.068016 0.081416 -1.543791
v 0.056205 0.098525 -1.543791
v 0.056205 0.081416 -1.507235
v 0.068016 -0.081416 -1.543791
v 0.056205 -0.081416 -1.507235
v 0.056205 -0.098525 -1.543791
v 0.056205 0.081416 -2.357687
v 0.056205 0.098525 -2.321132
v 0.068016 0.081416 -2.321132
v 0.056205 -0.098525 -2.321132
v 0.056205 -0.081416 -2.357687
v 0.068016 -0.081416 -2.321132
v 0.068016 0.081416 -1.973226
v 0.056205 0.098525 -1.973226
v 0.056205 0.081416 -1.936671
v 0.068016 -0.081416 -1.973226
v 0.056205 -0.081416 -1.936671
v 0.056205 -0.098525 -1.973226
v 0.056205 0.081416 -2.787122
v 0.056205 0.098525 -2.750567
v 0.068016 0.081416 -2.750567
v 0.056205 -0.098525 -2.750567
v 0.056205 -0.081416 -2.787122
v 0.068016 -0.081416 -2.750567
v 0.068016 0.081416 -2.402662
v 0.056205 0.098525 -2.402662
v 0.056205 0.081416 -2.366107
v 0.068016 -0.081416 -2.402662
v 0.056205 -0.081416 -2.366107
v 0.056205 -0.098525 -2.402662
v 0.056205 0.081416 -3.216558
v 0.056205 0.098525 -3.180003
v 0.068016 0.081416 -3.180003
v 0.056205 -0.098525 -3.180003
v 0.056205 -0.081416 -3.216558
v 0.068016 -0.081416 -3.180003
v 0.068016 0.081416 -2.832098
v 0.056205 0.098525 -2.832098
v 0.056205 0.081416 -2.795543
v 0.068016 -0.081416 -2.832098
v 0.056205 -0.081416 -2.795543
v 0.056205 -0.098525 -2.832098
v 0.056205 0.081416 -3.645994
v 0.056205 0.098525 -3.609439
v 0.068016 0.081416 -3.609439
v 0.056205 -0.098525 -3.609439
v 0.056205 -0.081416 -3.645994
v 0.068016 -0.081416 -3.609439
v 0.068016 0.081416 -3.261534
v 0.056205 0.098525 -3.261534
v 0.056205 0.081416 -3.224979
v 0.068016 -0.081416 -3.261534
v 0.056205 -0.081416 -3.224979
v 0.056205 -0.098525 -3.261534
v 0.056205 0.081416 -4.075430
v 0.056205 0.098525 -4.038875
v 0.068016 0.081416 -4.038875
v 0.056205 -0.098525 -4.038875
v 0.056205 -0.081416 -4.075430
v 0.068016 -0.081416 -4.038875
v 0.068016 0.081416 -3.690970
v 0.056205 0.098525 -3.690970
v 0.056205 0.081416 -3.654415
v 0.068016 -0.081416 -3.690970
v 0.056205 -0.081416 -3.654415
v 0.056205 -0.098525 -3.690970
v 0.056205 0.081416 -4.504866
v 0.056205 0.098525 -4.468311
v 0.068016 0.081416 -4.468311
v 0.056205 -0.098525 -4.468311
v 0.056205 -0.081416 -4.504866
v 0.068016 -0.081416 -4.468311
v 0.068016 0.081416 -4.120406
v 0.056205 0.098525 -4.120406
v 0.056205 0.081416 -4.083851
v 0.068016 -0.081416 -4.120406
v 0.056205 -0.081416 -4.083851
v 0.056205 -0.098525 -4.120406
v 0.056205 0.081416 -4.934302
v 0.056205 0.098525 -4.897747
v 0.068016 0.081416 -4.897747
v 0.056205 -0.098525 -4.897747
v 0.056205 -0.081416 -4.934302
v 0.068016 -0.081416 -4.897747
v 0.068016 0.081416 -4.549842
v 0.056205 0.098525 -4.549842
v 0.056205 0.081416 -4.513287
v 0.068016 -0.081416 -4.549842
v 0.056205 -0.081416 -4.513287
v 0.056205 -0.098525 -4.549842
v 0.056205 0.081416 -5.363738
v 0.056205 0.098525 -5.327183
v 0.068016 0.081416 -5.327183
v 0.056205 -0.098525 -5.327183
v 0.056205 -0.081416 -5.363738
v 0.068016 -0.081416 -5.327183
v 0.068016 0.081416 -4.979278
v 0.056205 0.098525 -4.979278
v 0.056205 0.081416 -4.942723
v 0.068016 -0.081416 -4.979278
v 0.056205 -0.081416 -4.942723
v 0.056205 -0.098525 -4.979278
v 0.056205 0.081416 -5.793174
v 0.056205 0.098525 -5.756619
v 0.068016 0.081416 -5.756619
v 0.056205 -0.098525 -5.756619
v 0.056205 -0.081416 -5.793174
v 0.068016 -0.081416 -5.756619
v 0.068016 0.081416 -5.408714
v 0.056205 0.098525 -5.408714
v 0.056205 0.081416 -5.372159
v 0.068016 -0.081416 -5.408714
v 0.056205 -0.081416 -5.372159
v 0.056205 -0.098525 -5.408714
v 0.056205 0.278858 -0.421016
v 0.056205 0.295967 -0.384460
v 0.068016 0.278858 -0.384460
v 0.056205 0.098916 -0.384460
v 0.056205 0.116025 -0.421016
v 0.068016 0.116025 -0.384460
v 0.068016 0.278858 -0.036555
v 0.056205 0.295967 -0.036555
v 0.056205 0.278858 0.000000
v 0.068016 0.116025 -0.036555
v 0.056205 0.116025 0.000000
v 0.056205 0.098916 -0.036555
v 0.056205 0.278858 -0.850451
v 0.056205 0.295967 -0.813896
v 0.068016 0.278858 -0.813896
v 0.056205 0.098916 -0.813896
v 0.056205 0.116025 -0.850451
v 0.068016 0.116025 -0.813896
v 0.068016 0.278858 -0.465991
v 0.056205 0.295967 -0.465991
v 0.056205 0.278858 -0.429436
v 0.068016 0.116025 -0.465991
v 0.056205 0.116025 -0.429436
v 0.056205 0.098916 -0.465991
v 0.056205 0.278858 -1.279887
v 0.056205 0.295967 -1.243332
v 0.068016 0.278858 -1.243332
v 0.056205 0.098916 -1.243332
v 0.056205 0.116025 -1.279887
v 0.068016 0.116025 -1.243332
v 0.068016 0.278858 -0.895427
v 0.056205 0.295967 -0.895427
v 0.056205 0.278858 -0.858872
v 0.068016 0.116025 -0.895427
v 0.056205 0.116025 -0.858872
v 0.056205 0.098916 -0.895427
v 0.056205 0.278858 -1.709323
v 0.056205 0.295967 -1.672768
v 0.068016 0.278858 -1.672768
v 0.056205 0.098916 -1.672768
v 0.056205 0.116025 -1.709323
v 0.068016 0.116025 -1.672768
v 0.068016 0.278858 -1.324862
v 0.056205 0.295967 -1.324862
v 0.056205 0.278858 -1.288307
v 0.068016 0.116025 -1.324862
v 0.056205 0.116025 -1.288307
v 0.056205 0.098916 -1.324862
v 0.056205 0.278858 -2.138759
v 0.056205 0.295967 -2.102204
v 0.068016 0.278858 -2.102204
v 0.056205 0.098916 -2.102204
v 0.056205 0.116025 -2.138759
v 0.068016 0.116025 -2.102204
v 0.068016 0.278858 -1.754298
v 0.056205 0.295967 -1.754298
v 0.056205 0.278858 -1.717743
v 0.068016 0.116025 -1.754298
v 0.056205 0.116025 -1.717743
v 0.056205 0.098916 -1.754298
v 0.056205 0.278858 -2.568195
v 0.056205 0.295967 -2.531640
v 0.068016 0.278858 -2.531640
v 0.056205 0.098916 -2.531640
v 0.056205 0.116025 -2.568195
v 0.068016 0.116025 -2.531640
v 0.068016 0.278858 -2.183734
v 0.056205 0.295967 -2.183734
v 0.056205 0.278858 -2.147179
v 0.068016 0.116025 -2.183734
v 0.056205 0.116025 -2.147179
v 0.056205 0.098916 -2.183734
v 0.056205 0.278858 -2.997630
v 0.056205 0.295967 -2.961075
v 0.068016 0.278858 -2.961075
v 0.056205 0.098916 -2.961075
v 0.056205 0.116025 -2.997630
v 0.068016 0.116025 -2.961075
v 0.068016 0.278858 -2.613170
v 0.056205 0.295967 -2.613170
v 0.056205 0.278858 -2.576615
v 0.068016 0.116025 -2.613170
v 0.056205 0.116025 -2.576615
v 0.056205 0.098916 -2.613170
v 0.056205 0.278858 -3.427066
v 0.056205 0.295967 -3.390511
v 0.068016 0.278858 -3.390511
v 0.056205 0.098916 -3.390511
v 0.056205 0.116025 -3.427066
v 0.068016 0.116025 -3.390511
v 0.068016 0.278858 -3.042606
v 0.056205 0.295967 -3.042606
v 0.056205 0.278858 -3.006051
v 0.068016 0.116025 -3.042606
v 0.056205 0.116025 -3.006051
v 0.056205 0.098916 -3.042606
v 0.056205 0.278858 -3.856502
v 0.056205 0.295967 -3.819947
v 0.068016 0.278858 -3.819947
v 0.056205 0.098916 -3.819947
v 0.056205 0.116025 -3.856502
v 0.068016 0.116025 -3.819947
v 0.068016 0.278858 -3.472042
v 0.056205 0.295967 -3.472042
v 0.056205 0.278858 -3.435486
v 0.068016 0.116025 -3.472042
v 0.056205 0.116025 -3.435486
v 0.056205 0.098916 -3.472042
v 0.056205 0.278858 -4.285938
v 0.056205 0.295967 -4.249382
v 0.068016 0.278858 -4.249382
v 0.056205 0.098916 -4.249382
v 0.056205 0.116025 -4.285938
v 0.068016 0.116025 -4.249382
v 0.068016 0.278858 -3.901478
v 0.056205 0.295967 -3.901478
v 0.056205 0.278858 -3.864923
v 0.068016 0.116025 -3.901478
v 0.056205 0.116025 -3.864923
v 0.056205 0.098916 -3.901478
v 0.056205 0.278858 -4.715374
v 0.056205 0.295967 -4.678819
v 0.068016 0.278858 -4.678819
v 0.056205 0.098916 -4.678819
v 0.056205 0.116025 -4.715374
v 0.068016 0.116025 -4.678819
v 0.068016 0.278858 -4.330914
v 0.056205 0.295967 -4.330914
v 0.056205 0.278858 -4.294358
v 0.068016 0.116025 -4.330914
v 0.056205 0.116025 -4.294358
v 0.056205 0.098916 -4.330914
v 0.056205 0.278858 -5.144810
v 0.056205 0.295967 -5.108255
v 0.068016 0.278858 -5.108255
v 0.056205 0.098916 -5.108255
v 0.056205 0.116025 -5.144810
v 0.068016 0.116025 -5.108255
v 0.068016 0.278858 -4.760350
v 0.056205 0.295967 -4.760350
v 0.056205 0.278858 -4.723794
v 0.068016 0.116025 -4.760350
v 0.056205 0.116025 -4.723794
v 0.056205 0.098916 -4.760350
v 0.056205 0.278858 -5.574246
v 0.056205 0.295967 -5.537691
v 0.068016 0.278858 -5.537691
v 0.056205 0.098916 -5.537691
v 0.056205 0.116025 -5.574246
v 0.068016 0.116025 -5.537691
v 0.068016 0.278858 -5.189785
v 0.056205 0.295967 -5.189785
v 0.056205 0.278858 -5.153231
v 0.068016 0.116025 -5.189785
v 0.056205 0.116025 -5.153231
v 0.056205 0.098916 -5.189785
v 0.068016 0.278858 -5.619222
v 0.056205 0.295967 -5.619222
v 0.056205 0.278858 -5.582666
v 0.068016 0.116025 -5.619222
v 0.056205 0.116025 -5.582666
v 0.056205 0.098916 -5.619222
v 0.056205 0.478283 -0.210508
v 0.056205 0.495392 -0.173953
v 0.068016 0.478283 -0.173953
v 0.056205 0.298341 -0.173953
v 0.056205 0.315451 -0.210508
v 0.068016 0.315451 -0.173953
v 0.056205 0.478283 -0.639944
v 0.056205 0.495392 -0.603388
v 0.068016 0.478283 -0.603388
v 0.056205 0.298341 -0.603388
v 0.056205 0.315451 -0.639944
v 0.068016 0.315451 -0.603388
v 0.068016 0.478283 -0.255483
v 0.056205 0.495392 -0.255483
v 0.056205 0.478283 -0.218928
v 0.068016 0.315451 -0.255483
v 0.056205 0.315451 -0.218928
v 0.056205 0.298341 -0.255483
v 0.056205 0.478283 -1.069379
v 0.056205 0.495392 -1.032824
v 0.068016 0.478283 -1.032824
v 0.056205 0.298341 -1.032824
v 0.056205 0.315451 -1.069379
v 0.068016 0.315451 -1.032824
v 0.068016 0.478283 -0.684919
v 0.056205 0.495392 -0.684919
v 0.056205 0.478283 -0.648364
v 0.068016 0.315451 -0.684919
v 0.056205 0.315451 -0.648364
v 0.056205 0.298341 -0.684919
v 0.056205 0.478283 -1.498815
v 0.056205 0.495392 -1.462260
v 0.068016 0.478283 -1.462260
v 0.056205 0.298341 -1.462260
v 0.056205 0.315451 -1.498815
v 0.068016 0.315451 -1.462260
v 0.068016 0.478283 -1.114355
v 0.056205 0.495392 -1.114355
v 0.056205 0.478283 -1.077800
v 0.068016 0.315451 -1.114355
v 0.056205 0.315451 -1.077800
v 0.056205 0.298341 -1.114355
v 0.056205 0.478283 -1.928251
v 0.056205 0.495392 -1.891696
v 0.068016 0.478283 -1.891696
v 0.056205 0.298341 -1.891696
v 0.056205 0.315451 -1.928251
v 0.068016 0.315451 -1.891696
v 0.068016 0.478283 -1.543791
v 0.056205 0.495392 -1.543791
v 0.056205 0.478283 -1.507235
v 0.068016 0.315451 -1.543791
v 0.056205 0.315451 -1.507235
v 0.056205 0.298341 -1.543791
v 0.056205 0.478283 -2.357687
v 0.056205 0.495392 -2.321132
v 0.068016 0.478283 -2.321132
v 0.056205 0.298341 -2.321132
v 0.056205 0.315451 -2.357687
v 0.068016 0.315451 -2.321132
v 0.068016 0.478283 -1.973226
v 0.056205 0.495392 -1.973226
v 0.056205 0.478283 -1.936671
v 0.068016 0.315451 -1.973226
v 0.056205 0.315451 -1.936671
v 0.056205 0.298341 -1.973226
v 0.056205 0.478283 -2.787122
v 0.056205 0.495392 -2.750567
v 0.068016 0.478283 -2.750567
v 0.056205 0.298341 -2.750567
v 0.056205 0.315451 -2.787122
v 0.068016 0.315451 -2.750567
v 0.068016 0.478283 -2.402662
v 0.056205 0.495392 -2.402662
v 0.056205 0.478283 -2.366107
v 0.068016 0.315451 -2.402662
v 0.056205 0.315451 -2.366107
v 0.056205 0.298341 -2.402662
v 0.056205 0.478283 -3.216558
v 0.056205 0.495392 -3.180003
v 0.068016 0.478283 -3.180003
v 0.056205 0.298341 -3.180003
v 0.056205 0.315451 -3.216558
v 0.068016 0.315451 -3.180003
v 0.068016 0.478283 -2.832098
v 0.056205 0.495392 -2.832098
v 0.056205 0.478283 -2.795543
v 0.068016 0.315451 -2.832098
v 0.056205 0.315451 -2.795543
v 0.056205 0.298341 -2.832098
v 0.056205 0.478283 -3.645994
v 0.056205 0.495392 -3.609439
v 0.068016 0.478283 -3.609439
v 0.056205 0.298341 -3.609439
v 0.056205 0.315451 -3.645994
v 0.068016 0.315451 -3.609439
v 0.068016 0.478283 -3.261534
v 0.056205 0.495392 -3.261534
v 0.056205 0.478283 -3.224979
v 0.068016 0.315451 -3.261534
v 0.056205 0.315451 -3.224979
v 0.056205 0.298341 -3.261534
v 0.056205 0.478283 -4.075430
v 0.056205 0.495392 -4.038875
v 0.068016 0.478283 -4.038875
v 0.056205 0.298341 -4.038875
v 0.056205 0.315451 -4.075430
v 0.068016 0.315451 -4.038875
v 0.068016 0.478283 -3.690970
v 0.056205 0.495392 -3.690970
v 0.056205 0.478283 -3.654415
v 0.068016 0.315451 -3.690970
v 0.056205 0.315451 -3.654415
v 0.056205 0.298341 -3.690970
v 0.056205 0.478283 -4.504866
v 0.056205 0.495392 -4.468311
v 0.068016 0.478283 -4.468311
v 0.056205 0.298341 -4.468311
v 0.056205 0.315451 -4.504866
v 0.068016 0.315451 -4.468311
v 0.068016 0.478283 -4.120406
v 0.056205 0.495392 -4.120406
v 0.056205 0.478283 -4.083851
v 0.068016 0.315451 -4.120406
v 0.056205 0.315451 -4.083851
v 0.056205 0.298341 -4.120406
v 0.056205 0.478283 -4.934302
v 0.056205 0.495392 -4.897747
v 0.068016 0.478283 -4.897747
v 0.056205 0.298341 -4.897747
v 0.056205 0.315451 -4.934302
v 0.068016 0.315451 -4.897747
v 0.068016 0.478283 -4.549842
v 0.056205 0.495392 -4.549842
v 0.056205 0.478283 -4.513287
v 0.068016 0.315451 -4.549842
v 0.056205 0.315451 -4.513287
v 0.056205 0.298341 -4.549842
v 0.056205 0.478283 -5.363738
v 0.056205 0.495392 -5.327183
v 0.068016 0.478283 -5.327183
v 0.056205 0.298341 -5.327183
v 0.056205 0.315451 -5.363738
v 0.068016 0.315451 -5.327183
v 0.068016 0.478283 -4.979278
v 0.056205 0.495392 -4.979278
v 0.056205 0.478283 -4.942723
v 0.068016 0.315451 -4.979278
v 0.056205 0.315451 -4.942723
v 0.056205 0.298341 -4.979278
v 0.056205 0.478283 -5.793174
v 0.056205 0.495392 -5.756619
v 0.068016 0.478283 -5.756619
v 0.056205 0.298341 -5.756619
v 0.056205 0.315451 -5.793174
v 0.068016 0.315451 -5.756619
v 0.068016 0.478283 -5.408714
v 0.056205 0.495392 -5.408714
v 0.056205 0.478283 -5.372159
v 0.068016 0.315451 -5.408714
v 0.056205 0.315451 -5.372159
v 0.056205 0.298341 -5.408714
v 0.056205 0.675724 -0.421016
v 0.056205 0.692834 -0.384460
v 0.068016 0.675724 -0.384460
v 0.056205 0.495783 -0.384460
v 0.056205 0.512892 -0.421016
v 0.068016 0.512892 -0.384460
v 0.068016 0.675724 -0.036555
v 0.056205 0.692834 -0.036555
v 0.056205 0.675724 0.000000
v 0.068016 0.512892 -0.036555
v 0.056205 0.512892 0.000000
v 0.056205 0.495783 -0.036555
v 0.056205 0.675724 -0.850451
v 0.056205 0.692834 -0.813896
v 0.068016 0.675724 -0.813896
v 0.056205 0.495783 -0.813896
v 0.056205 0.512892 -0.850451
v 0.068016 0.512892 -0.813896
v 0.068016 0.675724 -0.465991
v 0.056205 0.692834 -0.465991
v 0.056205 0.675724 -0.429436
v 0.068016 0.512892 -0.465991
v 0.056205 0.512892 -0.429436
v 0.056205 0.495783 -0.465991
v 0.056205 0.675724 -1.279887
v 0.056205 0.692834 -1.243332
v 0.068016 0.675724 -1.243332
v 0.056205 0.495783 -1.243332
v 0.056205 0.512892 -1.279887
v 0.068016 0.512892 -1.243332
v 0.068016 0.675724 -0.895427
v 0.056205 0.692834 -0.895427
v 0.056205 0.675724 -0.858872
v 0.068016 0.512892 -0.895427
v 0.056205 0.512892 -0.858872
v 0.056205 0.495783 -0.895427
v 0.056205 0.675724 -1.709323
v 0.056205 0.692834 -1.672768
v 0.068016 0.675724 -1.672768
v 0.056205 0.495783 -1.672768
v 0.056205 0.512892 -1.709323
v 0.068016 0.512892 -1.672768
v 0.068016 0.675724 -1.324862
v 0.056205 0.692834 -1.324862
v 0.056205 0.675724 -1.288307
v 0.068016 0.512892 -1.324862
v 0.056205 0.512892 -1.288307
v 0.056205 0.495783 -1.324862
v 0.056205 0.675724 -2.138759
v 0.056205 0.692834 -2.102204
v 0.068016 0.675724 -2.102204
v 0.056205 0.495783 -2.102204
v 0.056205 0.512892 -2.138759
v 0.068016 0.512892 -2.102204
v 0.068016 0.675724 -1.754298
v 0.056205 0.692834 -1.754298
v 0.056205 0.675724 -1.717743
v 0.068016 0.512892 -1.754298
v 0.056205 0.512892 -1.717743
v 0.056205 0.495783 -1.754298
v 0.056205 0.675724 -2.568195
v 0.056205 0.692834 -2.531640
v 0.068016 0.675724 -2.531640
v 0.056205 0.495783 -2.531640
v 0.056205 0.512892 -2.568195
v 0.068016 0.512892 -2.531640
v 0.068016 0.675724 -2.183734
v 0.056205 0.692834 -2.183734
v 0.056205 0.675724 -2.147179
v 0.068016 0.512892 -2.183734
v 0.056205 0.512892 -2.147179
v 0.056205 0.495783 -2.183734
v 0.056205 0.675724 -2.997630
v 0.056205 0.692834 -2.961075
v 0.068016 0.675724 -2.961075
v 0.056205 0.495783 -2.961075
v 0.056205 0.512892 -2.997630
v 0.068016 0.512892 -2.961075
v 0.068016 0.675724 -2.613170
v 0.056205 0.692834 -2.613170
v 0.056205 0.675724 -2.576615
v 0.068016 0.512892 -2.613170
v 0.056205 0.512892 -2.576615
v 0.056205 0.495783 -2.613170
v 0.056205 0.675724 -3.427066
v 0.056205 0.692834 -3.390511
v 0.068016 0.675724 -3.390511
v 0.056205 0.495783 -3.390511
v 0.056205 0.512892 -3.427066
v 0.068016 0.512892 -3.390511
v 0.068016 0.675724 -3.042606
v 0.056205 0.692834 -3.042606
v 0.056205 0.675724 -3.006051
v 0.068016 0.512892 -3.042606
v 0.056205 0.512892 -3.006051
v 0.056205 0.495783 -3.042606
v 0.056205 0.675724 -3.856502
v 0.056205 0.692834 -3.819947
v 0.068016 0.675724 -3.819947
v 0.056205 0.495783 -3.819947
v 0.056205 0.512892 -3.856502
v 0.068016 0.512892 -3.819947
v 0.068016 0.675724 -3.472042
v 0.056205 0.692834 -3.472042
v 0.056205 0.675724 -3.435486
v 0.068016 0.512892 -3.472042
v 0.056205 0.512892 -3.435486
v 0.056205 0.495783 -3.472042
v 0.056205 0.675724 -4.285938
v 0.056205 0.692834 -4.249382
v 0.068016 0.675724 -4.249382
v 0.056205 0.495783 -4.249382
v 0.056205 0.512892 -4.285938
v 0.068016 0.512892 -4.249382
v 0.068016 0.675724 -3.901478
v 0.056205 0.692834 -3.901478
v 0.056205 0.675724 -3.864923
v 0.068016 0.512892 -3.901478
v 0.056205 0.512892 -3.864923
v 0.056205 0.495783 -3.901478
v 0.056205 0.675724 -4.715374
v 0.056205 0.692834 -4.678819
v 0.068016 0.675724 -4.678819
v 0.056205 0.495783 -4.678819
v 0.056205 0.512892 -4.715374
v 0.068016 0.512892 -4.678819
v 0.068016 0.675724 -4.330914
v 0.056205 0.692834 -4.330914
v 0.056205 0.675724 -4.294358
v 0.068016 0.512892 -4.330914
v 0.056205 0.512892 -4.294358
v 0.056205 0.495783 -4.330914
v 0.056205 0.675724 -5.144810
v 0.056205 0.692834 -5.108255
v 0.068016 0.675724 -5.108255
v 0.056205 0.495783 -5.108255
v 0.056205 0.512892 -5.144810
v 0.068016 0.512892 -5.108255
v 0.068016 0.675724 -4.760350
v 0.056205 0.692834 -4.760350
v 0.056205 0.675724 -4.723794
v 0.068016 0.512892 -4.760350
v 0.056205 0.512892 -4.723794
v 0.056205 0.495783 -4.760350
v 0.056205 0.675724 -5.574246
v 0.056205 0.692834 -5.537691
v 0.068016 0.675724 -5.537691
v 0.056205 0.495783 -5.537691
v 0.056205 0.512892 -5.574246
v 0.068016 0.512892 -5.537691
v 0.068016 0.675724 -5.189785
v 0.056205 0.692834 -5.189785
v 0.056205 0.675724 -5.153231
v 0.068016 0.512892 -5.189785
v 0.056205 0.512892 -5.153231
v 0.056205 0.495783 -5.189785
v 0.068016 0.675724 -5.619222
v 0.056205 0.692834 -5.619222
v 0.056205 0.675724 -5.582666
v 0.068016 0.512892 -5.619222
v 0.056205 0.512892 -5.582666
v 0.056205 0.495783 -5.619222
v 0.056205 0.867354 -0.210508
v 0.056205 0.884463 -0.173953
v 0.068016 0.867354 -0.173953
v 0.056205 0.687413 -0.173953
v 0.056205 0.704522 -0.210508
v 0.068016 0.704522 -0.173953
v 0.068016 2.073429 -5.793174
v 0.068016 2.462500 -5.793174
v 0.056205 0.867354 -0.639944
v 0.056205 0.884463 -0.603388
v 0.068016 0.867354 -0.603388
v 0.056205 0.687413 -0.603388
v 0.056205 0.704522 -0.639944
v 0.068016 0.704522 -0.603388
v 0.068016 0.867354 -0.255483
v 0.056205 0.884463 -0.255483
v 0.056205 0.867354 -0.218928
v 0.068016 0.704522 -0.255483
v 0.056205 0.704522 -0.218928
v 0.056205 0.687413 -0.255483
v 0.056205 0.867354 -1.069379
v 0.056205 0.884463 -1.032824
v 0.068016 0.867354 -1.032824
v 0.056205 0.687413 -1.032824
v 0.056205 0.704522 -1.069379
v 0.068016 0.704522 -1.032824
v 0.068016 0.867354 -0.684919
v 0.056205 0.884463 -0.684919
v 0.056205 0.867354 -0.648364
v 0.068016 0.704522 -0.684919
v 0.056205 0.704522 -0.648364
v 0.056205 0.687413 -0.684919
v 0.056205 0.867354 -1.498815
v 0.056205 0.884463 -1.462260
v 0.068016 0.867354 -1.462260
v 0.056205 0.687413 -1.462260
v 0.056205 0.704522 -1.498815
v 0.068016 0.704522 -1.462260
v 0.068016 0.867354 -1.114355
v 0.056205 0.884463 -1.114355
v 0.056205 0.867354 -1.077800
v 0.068016 0.704522 -1.114355
v 0.056205 0.704522 -1.077800
v 0.056205 0.687413 -1.114355
v 0.056205 0.867354 -1.928251
v 0.056205 0.884463 -1.891696
v 0.068016 0.867354 -1.891696
v 0.056205 0.687413 -1.891696
v 0.056205 0.704522 -1.928251
v 0.068016 0.704522 -1.891696
v 0.068016 0.867354 -1.543791
v 0.056205 0.884463 -1.543791
v 0.056205 0.867354 -1.507235
v 0.068016 0.704522 -1.543791
v 0.056205 0.704522 -1.507235
v 0.056205 0.687413 -1.543791
v 0.056205 0.867354 -2.357687
v 0.056205 0.884463 -2.321132
v 0.068016 0.867354 -2.321132
v 0.056205 0.687413 -2.321132
v 0.056205 0.704522 -2.357687
v 0.068016 0.704522 -2.321132
v 0.068016 0.867354 -1.973226
v 0.056205 0.884463 -1.973226
v 0.056205 0.867354 -1.936671
v 0.068016 0.704522 -1.973226
v 0.056205 0.704522 -1.936671
v 0.056205 0.687413 -1.973226
v 0.056205 0.867354 -2.787122
v 0.056205 0.884463 -2.750567
v 0.068016 0.867354 -2.750567
v 0.056205 0.687413 -2.750567
v 0.056205 0.704522 -2.787122
v 0.068016 0.704522 -2.750567
v 0.068016 0.867354 -2.402662
v 0.056205 0.884463 -2.402662
v 0.056205 0.867354 -2.366107
v 0.068016 0.704522 -2.402662
v 0.056205 0.704522 -2.366107
v 0.056205 0.687413 -2.402662
v 0.056205 0.867354 -3.216558
v 0.056205 0.884463 -3.180003
v 0.068016 0.867354 -3.180003
v 0.056205 0.687413 -3.180003
v 0.056205 0.704522 -3.216558
v 0.068016 0.704522 -3.180003
v 0.068016 0.867354 -2.832098
v 0.056205 0.884463 -2.832098
v 0.056205 0.867354 -2.795543
v 0.068016 0.704522 -2.832098
v 0.056205 0.704522 -2.795543
v 0.056205 0.687413 -2.832098
v 0.056205 0.867354 -3.645994
v 0.056205 0.884463 -3.609439
v 0.068016 0.867354 -3.609439
v 0.056205 0.687413 -3.609439
v 0.056205 0.704522 -3.645994
v 0.068016 0.704522 -3.609439
v 0.068016 0.867354 -3.261534
v 0.056205 0.884463 -3.261534
v 0.056205 0.867354 -3.224979
v 0.068016 0.704522 -3.261534
v 0.056205 0.704522 -3.224979
v 0.056205 0.687413 -3.261534
v 0.056205 0.867354 -4.075430
v 0.056205 0.884463 -4.038875
v 0.068016 0.867354 -4.038875
v 0.056205 0.687413 -4.038875
v 0.056205 0.704522 -4.075430
v 0.068016 0.704522 -4.038875
v 0.068016 0.867354 -3.690970
v 0.056205 0.884463 -3.690970
v 0.056205 0.867354 -3.654415
v 0.068016 0.704522 -3.690970
v 0.056205 0.704522 -3.654415
v 0.056205 0.687413 -3.690970
v 0.056205 0.867354 -4.504866
v 0.056205 0.884463 -4.468311
v 0.068016 0.867354 -4.468311
v 0.056205 0.687413 -4.468311
v 0.056205 0.704522 -4.504866
v 0.068016 0.704522 -4.468311
v 0.068016 0.867354 -4.120406
v 0.056205 0.884463 -4.120406
v 0.056205 0.867354 -4.083851
v 0.068016 0.704522 -4.120406
v 0.056205 0.704522 -4.083851
v 0.056205 0.687413 -4.120406
v 0.056205 0.867354 -4.934302
v 0.056205 0.884463 -4.897747
v 0.068016 0.867354 -4.897747
v 0.056205 0.687413 -4.897747
v 0.056205 0.704522 -4.934302
v 0.068016 0.704522 -4.897747
v 0.068016 0.867354 -4.549842
v 0.056205 0.884463 -4.549842
v 0.056205 0.867354 -4.513287
v 0.068016 0.704522 -4.549842
v 0.056205 0.704522 -4.513287
v 0.056205 0.687413 -4.549842
v 0.056205 0.867354 -5.363738
v 0.056205 0.884463 -5.327183
v 0.068016 0.867354 -5.327183
v 0.056205 0.687413 -5.327183
v 0.056205 0.704522 -5.363738
v 0.068016 0.704522 -5.327183
v 0.068016 0.867354 -4.979278
v 0.056205 0.884463 -4.979278
v 0.056205 0.867354 -4.942723
v 0.068016 0.704522 -4.979278
v 0.056205 0.704522 -4.942723
v 0.056205 0.687413 -4.979278
v 0.056205 0.867354 -5.793174
v 0.056205 0.884463 -5.756619
v 0.068016 0.867354 -5.756619
v 0.056205 0.687413 -5.756619
v 0.056205 0.704522 -5.793174
v 0.068016 0.704522 -5.756619
v 0.068016 0.867354 -5.408714
v 0.056205 0.884463 -5.408714
v 0.056205 0.867354 -5.372159
v 0.068016 0.704522 -5.408714
v 0.056205 0.704522 -5.372159
v 0.056205 0.687413 -5.408714
v 0.056205 1.064796 -0.421016
v 0.056205 1.081905 -0.384460
v 0.068016 1.064796 -0.384460
v 0.056205 0.884854 -0.384460
v 0.056205 0.901963 -0.421016
v 0.068016 0.901963 -0.384460
v 0.068016 1.064796 -0.036555
v 0.056205 1.081905 -0.036555
v 0.056205 1.064796 0.000000
v 0.068016 0.901963 -0.036555
v 0.056205 0.901963 0.000000
v 0.056205 0.884854 -0.036555
v 0.056205 1.064796 -0.850451
v 0.056205 1.081905 -0.813896
v 0.068016 1.064796 -0.813896
v 0.056205 0.884854 -0.813896
v 0.056205 0.901963 -0.850451
v 0.068016 0.901963 -0.813896
v 0.068016 1.064796 -0.465991
v 0.056205 1.081905 -0.465991
v 0.056205 1.064796 -0.429436
v 0.068016 0.901963 -0.465991
v 0.056205 0.901963 -0.429436
v 0.056205 0.884854 -0.465991
v 0.056205 1.064796 -1.279887
v 0.056205 1.081905 -1.243332
v 0.068016 1.064796 -1.243332
v 0.056205 0.884854 -1.243332
v 0.056205 0.901963 -1.279887
v 0.068016 0.901963 -1.243332
v 0.068016 1.064796 -0.895427
v 0.056205 1.081905 -0.895427
v 0.056205 1.064796 -0.858872
v 0.068016 0.901963 -0.895427
v 0.056205 0.901963 -0.858872
v 0.056205 0.884854 -0.895427
v 0.056205 1.064796 -1.709323
v 0.056205 1.081905 -1.672768
v 0.068016 1.064796 -1.672768
v 0.056205 0.884854 -1.672768
v 0.056205 0.901963 -1.709323
v 0.068016 0.901963 -1.672768
v 0.068016 1.064796 -1.324862
v 0.056205 1.081905 -1.324862
v 0.056205 1.064796 -1.288307
v 0.068016 0.901963 -1.324862
v 0.056205 0.901963 -1.288307
v 0.056205 0.884854 -1.324862
v 0.056205 1.064796 -2.138759
v 0.056205 1.081905 -2.102204
v 0.068016 1.064796 -2.102204
v 0.056205 0.884854 -2.102204
v 0.056205 0.901963 -2.138759
v 0.068016 0.901963 -2.102204
v 0.068016 1.064796 -1.754298
v 0.056205 1.081905 -1.754298
v 0.056205 1.064796 -1.717743
v 0.068016 0.901963 -1.754298
v 0.056205 0.901963 -1.717743
v 0.056205 0.884854 -1.754298
v 0.056205 1.064796 -2.568195
v 0.056205 1.081905 -2.531640
v 0.068016 1.064796 -2.531640
v 0.056205 0.884854 -2.531640
v 0.056205 0.901963 -2.568195
v 0.068016 0.901963 -2.531640
v 0.068016 1.064796 -2.183734
v 0.056205 1.081905 -2.183734
v 0.056205 1.064796 -2.147179
v 0.068016 0.901963 -2.183734
v 0.056205 0.901963 -2.147179
v 0.056205 0.884854 -2.183734
v 0.056205 1.064796 -2.997630
v 0.056205 1.081905 -2.961075
v 0.068016 1.064796 -2.961075
v 0.056205 0.884854 -2.961075
v 0.056205 0.901963 -2.997630
v 0.068016 0.901963 -2.961075
v 0.068016 1.064796 -2.613170
v 0.056205 1.081905 -2.613170
v 0.056205 1.064796 -2.576615
v 0.068016 0.901963 -2.613170
v 0.056205 0.901963 -2.576615
v 0.056205 0.884854 -2.613170
v 0.056205 1.064796 -3.427066
v 0.056205 1.081905 -3.390511
v 0.068016 1.064796 -3.390511
v 0.056205 0.884854 -3.390511
v 0.056205 0.901963 -3.427066
v 0.068016 0.901963 -3.390511
v 0.068016 1.064796 -3.042606
v 0.056205 1.081905 -3.042606
v 0.056205 1.064796 -3.006051
v 0.068016 0.901963 -3.042606
v 0.056205 0.901963 -3.006051
v 0.056205 0.884854 -3.042606
v 0.056205 1.064796 -3.856502
v 0.056205 1.081905 -3.819947
v 0.068016 1.064796 -3.819947
v 0.056205 0.884854 -3.819947
v 0.056205 0.901963 -3.856502
v 0.068016 0.901963 -3.819947
v 0.068016 1.064796 -3.472042
v 0.056205 1.081905 -3.472042
v 0.056205 1.064796 -3.435486
v 0.068016 0.901963 -3.472042
v 0.056205 0.901963 -3.435486
v 0.056205 0.884854 -3.472042
v 0.056205 1.064796 -4.285938
v 0.056205 1.081905 -4.249382
v 0.068016 1.064796 -4.249382
v 0.056205 0.884854 -4.249382
v 0.056205 0.901963 -4.285938
v 0.068016 0.901963 -4.249382
v 0.068016 1.064796 -3.901478
v 0.056205 1.081905 -3.901478
v 0.056205 1.064796 -3.864923
v 0.068016 0.901963 -3.901478
v 0.056205 0.901963 -3.864923
v 0.056205 0.884854 -3.901478
v 0.056205 1.064796 -4.715374
v 0.056205 1.081905 -4.678819
v 0.068016 1.064796 -4.678819
v 0.056205 0.884854 -4.678819
v 0.056205 0.901963 -4.715374
v 0.068016 0.901963 -4.678819
v 0.068016 1.064796 -4.330914
v 0.056205 1.081905 -4.330914
v 0.056205 1.064796 -4.294358
v 0.068016 0.901963 -4.330914
v 0.056205 0.901963 -4.294358
v 0.056205 0.884854 -4.330914
v 0.056205 1.064796 -5.144810
v 0.056205 1.081905 -5.108255
v 0.068016 1.064796 -5.108255
v 0.056205 0.884854 -5.108255
v 0.056205 0.901963 -5.144810
v 0.068016 0.901963 -5.108255
v 0.068016 1.064796 -4.760350
v 0.056205 1.081905 -4.760350
v 0.056205 1.064796 -4.723794
v 0.068016 0.901963 -4.760350
v 0.056205 0.901963 -4.723794
v 0.056205 0.884854 -4.760350
v 0.056205 1.064796 -5.574246
v 0.056205 1.081905 -5.537691
v 0.068016 1.064796 -5.537691
v 0.056205 0.884854 -5.537691
v 0.056205 0.901963 -5.574246
v 0.068016 0.901963 -5.537691
v 0.068016 1.064796 -5.189785
v 0.056205 1.081905 -5.189785
v 0.056205 1.064796 -5.153231
v 0.068016 0.901963 -5.189785
v 0.056205 0.901963 -5.153231
v 0.056205 0.884854 -5.189785
v 0.068016 1.064796 -5.619222
v 0.056205 1.081905 -5.619222
v 0.056205 1.064796 -5.582666
v 0.068016 0.901963 -5.619222
v 0.056205 0.901963 -5.582666
v 0.056205 0.884854 -5.619222
v 0.056205 1.264221 -0.210508
v 0.056205 1.281330 -0.173953
v 0.068016 1.264221 -0.173953
v 0.056205 1.084279 -0.173953
v 0.056205 1.101388 -0.210508
v 0.068016 1.101388 -0.173953
v 0.056205 0.295967 -5.793174
v 0.068016 1.298830 -5.793174
v 0.056205 1.081905 -5.793174
v 0.056205 1.281721 -5.793174
v 0.068016 0.512892 -5.793174
v 0.068016 0.278858 -5.793174
v 0.056205 1.264221 -0.639944
v 0.056205 1.281330 -0.603388
v 0.068016 1.264221 -0.603388
v 0.056205 1.084279 -0.603388
v 0.056205 1.101388 -0.639944
v 0.068016 1.101388 -0.603388
v 0.068016 1.264221 -0.255483
v 0.056205 1.281330 -0.255483
v 0.056205 1.264221 -0.218928
v 0.068016 1.101388 -0.255483
v 0.056205 1.101388 -0.218928
v 0.056205 1.084279 -0.255483
v 0.056205 1.264221 -1.069379
v 0.056205 1.281330 -1.032824
v 0.068016 1.264221 -1.032824
v 0.056205 1.084279 -1.032824
v 0.056205 1.101388 -1.069379
v 0.068016 1.101388 -1.032824
v 0.068016 1.264221 -0.684919
v 0.056205 1.281330 -0.684919
v 0.056205 1.264221 -0.648364
v 0.068016 1.101388 -0.684919
v 0.056205 1.101388 -0.648364
v 0.056205 1.084279 -0.684919
v 0.056205 1.264221 -1.498815
v 0.056205 1.281330 -1.462260
v 0.068016 1.264221 -1.462260
v 0.056205 1.084279 -1.462260
v 0.056205 1.101388 -1.498815
v 0.068016 1.101388 -1.462260
v 0.068016 1.264221 -1.114355
v 0.056205 1.281330 -1.114355
v 0.056205 1.264221 -1.077800
v 0.068016 1.101388 -1.114355
v 0.056205 1.101388 -1.077800
v 0.056205 1.084279 -1.114355
v 0.056205 1.264221 -1.928251
v 0.056205 1.281330 -1.891696
v 0.068016 1.264221 -1.891696
v 0.056205 1.084279 -1.891696
v 0.056205 1.101388 -1.928251
v 0.068016 1.101388 -1.891696
v 0.068016 1.264221 -1.543791
v 0.056205 1.281330 -1.543791
v 0.056205 1.264221 -1.507235
v 0.068016 1.101388 -1.543791
v 0.056205 1.101388 -1.507235
v 0.056205 1.084279 -1.543791
v 0.056205 1.264221 -2.357687
v 0.056205 1.281330 -2.321132
v 0.068016 1.264221 -2.321132
v 0.056205 1.084279 -2.321132
v 0.056205 1.101388 -2.357687
v 0.068016 1.101388 -2.321132
v 0.068016 1.264221 -1.973226
v 0.056205 1.281330 -1.973226
v 0.056205 1.264221 -1.936671
v 0.068016 1.101388 -1.973226
v 0.056205 1.101388 -1.936671
v 0.056205 1.084279 -1.973226
v 0.056205 1.264221 -2.787122
v 0.056205 1.281330 -2.750567
v 0.068016 1.264221 -2.750567
v 0.056205 1.084279 -2.750567
v 0.056205 1.101388 -2.787122
v 0.068016 1.101388 -2.750567
v 0.068016 1.264221 -2.402662
v 0.056205 1.281330 -2.402662
v 0.056205 1.264221 -2.366107
v 0.068016 1.101388 -2.402662
v 0.056205 1.101388 -2.366107
v 0.056205 1.084279 -2.402662
v 0.056205 1.264221 -3.216558
v 0.056205 1.281330 -3.180003
v 0.068016 1.264221 -3.180003
v 0.056205 1.084279 -3.180003
v 0.056205 1.101388 -3.216558
v 0.068016 1.101388 -3.180003
v 0.068016 1.264221 -2.832098
v 0.056205 1.281330 -2.832098
v 0.056205 1.264221 -2.795543
v 0.068016 1.101388 -2.832098
v 0.056205 1.101388 -2.795543
v 0.056205 1.084279 -2.832098
v 0.056205 1.264221 -3.645994
v 0.056205 1.281330 -3.609439
v 0.068016 1.264221 -3.609439
v 0.056205 1.084279 -3.609439
v 0.056205 1.101388 -3.645994
v 0.068016 1.101388 -3.609439
v 0.068016 1.264221 -3.261534
v 0.056205 1.281330 -3.261534
v 0.056205 1.264221 -3.224979
v 0.068016 1.101388 -3.261534
v 0.056205 1.101388 -3.224979
v 0.056205 1.084279 -3.261534
v 0.056205 1.264221 -4.075430
v 0.056205 1.281330 -4.038875
v 0.068016 1.264221 -4.038875
v 0.056205 1.084279 -4.038875
v 0.056205 1.101388 -4.075430
v 0.068016 1.101388 -4.038875
v 0.068016 1.264221 -3.690970
v 0.056205 1.281330 -3.690970
v 0.056205 1.264221 -3.654415
v 0.068016 1.101388 -3.690970
v 0.056205 1.101388 -3.654415
v 0.056205 1.084279 -3.690970
v 0.056205 1.264221 -4.504866
v 0.056205 1.281330 -4.468311
v 0.068016 1.264221 -4.468311
v 0.056205 1.084279 -4.468311
v 0.056205 1.101388 -4.504866
v 0.068016 1.101388 -4.468311
v 0.068016 1.264221 -4.120406
v 0.056205 1.281330 -4.120406
v 0.056205 1.264221 -4.083851
v 0.068016 1.101388 -4.120406
v 0.056205 1.101388 -4.083851
v 0.056205 1.084279 -4.120406
v 0.056205 1.264221 -4.934302
v 0.056205 1.281330 -4.897747
v 0.068016 1.264221 -4.897747
v 0.056205 1.084279 -4.897747
v 0.056205 1.101388 -4.934302
v 0.068016 1.101388 -4.897747
v 0.068016 1.264221 -4.549842
v 0.056205 1.281330 -4.549842
v 0.056205 1.264221 -4.513287
v 0.068016 1.101388 -4.549842
v 0.056205 1.101388 -4.513287
v 0.056205 1.084279 -4.549842
v 0.056205 1.264221 -5.363738
v 0.056205 1.281330 -5.327183
v 0.068016 1.264221 -5.327183
v 0.056205 1.084279 -5.327183
v 0.056205 1.101388 -5.363738
v 0.068016 1.101388 -5.327183
v 0.068016 1.264221 -4.979278
v 0.056205 1.281330 -4.979278
v 0.056205 1.264221 -4.942723
v 0.068016 1.101388 -4.979278
v 0.056205 1.101388 -4.942723
v 0.056205 1.084279 -4.979278
v 0.056205 1.264221 -5.793174
v 0.056205 1.281330 -5.756619
v 0.068016 1.264221 -5.756619
v 0.056205 1.084279 -5.756619
v 0.056205 1.101388 -5.793174
v 0.068016 1.101388 -5.756619
v 0.068016 1.264221 -5.408714
v 0.056205 1.281330 -5.408714
v 0.056205 1.264221 -5.372159
v 0.068016 1.101388 -5.408714
v 0.056205 1.101388 -5.372159
v 0.056205 1.084279 -5.408714
v 0.056205 1.461663 -0.421016
v 0.056205 1.478772 -0.384460
v 0.068016 1.461663 -0.384460
v 0.056205 1.281721 -0.384460
v 0.056205 1.298830 -0.421016
v 0.068016 1.298830 -0.384460
v 0.068016 1.461663 -0.036555
v 0.056205 1.478772 -0.036555
v 0.056205 1.461663 0.000000
v 0.068016 1.298830 -0.036555
v 0.056205 1.298830 0.000000
v 0.056205 1.281721 -0.036555
v 0.056205 1.461663 -0.850451
v 0.056205 1.478772 -0.813896
v 0.068016 1.461663 -0.813896
v 0.056205 1.281721 -0.813896
v 0.056205 1.298830 -0.850451
v 0.068016 1.298830 -0.813896
v 0.068016 1.461663 -0.465991
v 0.056205 1.478772 -0.465991
v 0.056205 1.461663 -0.429436
v 0.068016 1.298830 -0.465991
v 0.056205 1.298830 -0.429436
v 0.056205 1.281721 -0.465991
v 0.056205 1.461663 -1.279887
v 0.056205 1.478772 -1.243332
v 0.068016 1.461663 -1.243332
v 0.056205 1.281721 -1.243332
v 0.056205 1.298830 -1.279887
v 0.068016 1.298830 -1.243332
v 0.068016 1.461663 -0.895427
v 0.056205 1.478772 -0.895427
v 0.056205 1.461663 -0.858872
v 0.068016 1.298830 -0.895427
v 0.056205 1.298830 -0.858872
v 0.056205 1.281721 -0.895427
v 0.056205 1.461663 -1.709323
v 0.056205 1.478772 -1.672768
v 0.068016 1.461663 -1.672768
v 0.056205 1.281721 -1.672768
v 0.056205 1.298830 -1.709323
v 0.068016 1.298830 -1.672768
v 0.068016 1.461663 -1.324862
v 0.056205 1.478772 -1.324862
v 0.056205 1.461663 -1.288307
v 0.068016 1.298830 -1.324862
v 0.056205 1.298830 -1.288307
v 0.056205 1.281721 -1.324862
v 0.056205 1.461663 -2.138759
v 0.056205 1.478772 -2.102204
v 0.068016 1.461663 -2.102204
v 0.056205 1.281721 -2.102204
v 0.056205 1.298830 -2.138759
v 0.068016 1.298830 -2.102204
v 0.068016 1.461663 -1.754298
v 0.056205 1.478772 -1.754298
v 0.056205 1.461663 -1.717743
v 0.068016 1.298830 -1.754298
v 0.056205 1.298830 -1.717743
v 0.056205 1.281721 -1.754298
v 0.056205 1.461663 -2.568195
v 0.056205 1.478772 -2.531640
v 0.068016 1.461663 -2.531640
v 0.056205 1.281721 -2.531640
v 0.056205 1.298830 -2.568195
v 0.068016 1.298830 -2.531640
v 0.068016 1.461663 -2.183734
v 0.056205 1.478772 -2.183734
v 0.056205 1.461663 -2.147179
v 0.068016 1.298830 -2.183734
v 0.056205 1.298830 -2.147179
v 0.056205 1.281721 -2.183734
v 0.056205 1.461663 -2.997630
v 0.056205 1.478772 -2.961075
v 0.068016 1.461663 -2.961075
v 0.056205 1.281721 -2.961075
v 0.056205 1.298830 -2.997630
v 0.068016 1.298830 -2.961075
v 0.068016 1.461663 -2.613170
v 0.056205 1.478772 -2.613170
v 0.056205 1.461663 -2.576615
v 0.068016 1.298830 -2.613170
v 0.056205 1.298830 -2.576615
v 0.056205 1.281721 -2.613170
v 0.056205 1.461663 -3.427066
v 0.056205 1.478772 -3.390511
v 0.068016 1.461663 -3.390511
v 0.056205 1.281721 -3.390511
v 0.056205 1.298830 -3.427066
v 0.068016 1.298830 -3.390511
v 0.068016 1.461663 -3.042606
v 0.056205 1.478772 -3.042606
v 0.056205 1.461663 -3.006051
v 0.068016 1.298830 -3.042606
v 0.056205 1.298830 -3.006051
v 0.056205 1.281721 -3.042606
v 0.056205 1.461663 -3.856502
v 0.056205 1.478772 -3.819947
v 0.068016 1.461663 -3.819947
v 0.056205 1.281721 -3.819947
v 0.056205 1.298830 -3.856502
v 0.068016 1.298830 -3.819947
v 0.068016 1.461663 -3.472042
v 0.056205 1.478772 -3.472042
v 0.056205 1.461663 -3.435486
v 0.068016 1.298830 -3.472042
v 0.056205 1.298830 -3.435486
v 0.056205 1.281721 -3.472042
v 0.056205 1.461663 -4.285938
v 0.056205 1.478772 -4.249382
v 0.068016 1.461663 -4.249382
v 0.056205 1.281721 -4.249382
v 0.056205 1.298830 -4.285938
v 0.068016 1.298830 -4.249382
v 0.068016 1.461663 -3.901478
v 0.056205 1.478772 -3.901478
v 0.056205 1.461663 -3.864923
v 0.068016 1.298830 -3.901478
v 0.056205 1.298830 -3.864923
v 0.056205 1.281721 -3.901478
v 0.056205 1.461663 -4.715374
v 0.056205 1.478772 -4.678819
v 0.068016 1.461663 -4.678819
v 0.056205 1.281721 -4.678819
v 0.056205 1.298830 -4.715374
v 0.068016 1.298830 -4.678819
v 0.068016 1.461663 -4.330914
v 0.056205 1.478772 -4.330914
v 0.056205 1.461663 -4.294358
v 0.068016 1.298830 -4.330914
v 0.056205 1.298830 -4.294358
v 0.056205 1.281721 -4.330914
v 0.056205 1.461663 -5.144810
v 0.056205 1.478772 -5.108255
v 0.068016 1.461663 -5.108255
v 0.056205 1.281721 -5.108255
v 0.056205 1.298830 -5.144810
v 0.068016 1.298830 -5.108255
v 0.068016 1.461663 -4.760350
v 0.056205 1.478772 -4.760350
v 0.056205 1.461663 -4.723794
v 0.068016 1.298830 -4.760350
v 0.056205 1.298830 -4.723794
v 0.056205 1.281721 -4.760350
v 0.056205 1.461663 -5.574246
v 0.056205 1.478772 -5.537691
v 0.068016 1.461663 -5.537691
v 0.056205 1.281721 -5.537691
v 0.056205 1.298830 -5.574246
v 0.068016 1.298830 -5.537691
v 0.068016 1.461663 -5.189785
v 0.056205 1.478772 -5.189785
v 0.056205 1.461663 -5.153231
v 0.068016 1.298830 -5.189785
v 0.056205 1.298830 -5.153231
v 0.056205 1.281721 -5.189785
v 0.068016 1.461663 -5.619222
v 0.056205 1.478772 -5.619222
v 0.056205 1.461663 -5.582666
v 0.068016 1.298830 -5.619222
v 0.056205 1.298830 -5.582666
v 0.056205 1.281721 -5.619222
v 0.056205 1.641953 -0.210508
v 0.056205 1.659062 -0.173953
v 0.068016 1.641953 -0.173953
v 0.056205 1.462012 -0.173953
v 0.056205 1.479121 -0.210508
v 0.068016 1.479121 -0.173953
v 0.056205 0.495783 -5.793174
v 0.068016 3.022199 -5.793174
v 0.056205 2.253371 -5.793174
v 0.056205 0.098916 -5.793174
v 0.056205 3.039309 -5.793174
v 0.068016 2.236261 -5.793174
v 0.056205 0.692834 -5.793174
v 0.056205 1.641953 -0.639944
v 0.056205 1.659062 -0.603388
v 0.068016 1.641953 -0.603388
v 0.056205 1.462012 -0.603388
v 0.056205 1.479121 -0.639944
v 0.068016 1.479121 -0.603388
v 0.068016 1.641953 -0.255483
v 0.056205 1.659062 -0.255483
v 0.056205 1.641953 -0.218928
v 0.068016 1.479121 -0.255483
v 0.056205 1.479121 -0.218928
v 0.056205 1.462012 -0.255483
v 0.056205 1.641953 -1.069379
v 0.056205 1.659062 -1.032824
v 0.068016 1.641953 -1.032824
v 0.056205 1.462012 -1.032824
v 0.056205 1.479121 -1.069379
v 0.068016 1.479121 -1.032824
v 0.068016 1.641953 -0.684919
v 0.056205 1.659062 -0.684919
v 0.056205 1.641953 -0.648364
v 0.068016 1.479121 -0.684919
v 0.056205 1.479121 -0.648364
v 0.056205 1.462012 -0.684919
v 0.056205 1.641953 -1.498815
v 0.056205 1.659062 -1.462260
v 0.068016 1.641953 -1.462260
v 0.056205 1.462012 -1.462260
v 0.056205 1.479121 -1.498815
v 0.068016 1.479121 -1.462260
v 0.068016 1.641953 -1.114355
v 0.056205 1.659062 -1.114355
v 0.056205 1.641953 -1.077800
v 0.068016 1.479121 -1.114355
v 0.056205 1.479121 -1.077800
v 0.056205 1.462012 -1.114355
v 0.056205 1.641953 -1.928251
v 0.056205 1.659062 -1.891696
v 0.068016 1.641953 -1.891696
v 0.056205 1.462012 -1.891696
v 0.056205 1.479121 -1.928251
v 0.068016 1.479121 -1.891696
v 0.068016 1.641953 -1.543791
v 0.056205 1.659062 -1.543791
v 0.056205 1.641953 -1.507235
v 0.068016 1.479121 -1.543791
v 0.056205 1.479121 -1.507235
v 0.056205 1.462012 -1.543791
v 0.056205 1.641953 -2.357687
v 0.056205 1.659062 -2.321132
v 0.068016 1.641953 -2.321132
v 0.056205 1.462012 -2.321132
v 0.056205 1.479121 -2.357687
v 0.068016 1.479121 -2.321132
v 0.068016 1.641953 -1.973226
v 0.056205 1.659062 -1.973226
v 0.056205 1.641953 -1.936671
v 0.068016 1.479121 -1.973226
v 0.056205 1.479121 -1.936671
v 0.056205 1.462012 -1.973226
v 0.056205 1.641953 -2.787122
v 0.056205 1.659062 -2.750567
v 0.068016 1.641953 -2.750567
v 0.056205 1.462012 -2.750567
v 0.056205 1.479121 -2.787122
v 0.068016 1.479121 -2.750567
v 0.068016 1.641953 -2.402662
v 0.056205 1.659062 -2.402662
v 0.056205 1.641953 -2.366107
v 0.068016 1.479121 -2.402662
v 0.056205 1.479121 -2.366107
v 0.056205 1.462012 -2.402662
v 0.056205 1.641953 -3.216558
v 0.056205 1.659062 -3.180003
v 0.068016 1.641953 -3.180003
v 0.056205 1.462012 -3.180003
v 0.056205 1.479121 -3.216558
v 0.068016 1.479121 -3.180003
v 0.068016 1.641953 -2.832098
v 0.056205 1.659062 -2.832098
v 0.056205 1.641953 -2.795543
v 0.068016 1.479121 -2.832098
v 0.056205 1.479121 -2.795543
v 0.056205 1.462012 -2.832098
v 0.056205 1.641953 -3.645994
v 0.056205 1.659062 -3.609439
v 0.068016 1.641953 -3.609439
v 0.056205 1.462012 -3.609439
v 0.056205 1.479121 -3.645994
v 0.068016 1.479121 -3.609439
v 0.068016 1.641953 -3.261534
v 0.056205 1.659062 -3.261534
v 0.056205 1.641953 -3.224979
v 0.068016 1.479121 -3.261534
v 0.056205 1.479121 -3.224979
v 0.056205 1.462012 -3.261534
v 0.056205 1.641953 -4.075430
v 0.056205 1.659062 -4.038875
v 0.068016 1.641953 -4.038875
v 0.056205 1.462012 -4.038875
v 0.056205 1.479121 -4.075430
v 0.068016 1.479121 -4.038875
v 0.068016 1.641953 -3.690970
v 0.056205 1.659062 -3.690970
v 0.056205 1.641953 -3.654415
v 0.068016 1.479121 -3.690970
v 0.056205 1.479121 -3.654415
v 0.056205 1.462012 -3.690970
v 0.056205 1.641953 -4.504866
v 0.056205 1.659062 -4.468311
v 0.068016 1.641953 -4.468311
v 0.056205 1.462012 -4.468311
v 0.056205 1.479121 -4.504866
v 0.068016 1.479121 -4.468311
v 0.068016 1.641953 -4.120406
v 0.056205 1.659062 -4.120406
v 0.056205 1.641953 -4.083851
v 0.068016 1.479121 -4.120406
v 0.056205 1.479121 -4.083851
v 0.056205 1.462012 -4.120406
v 0.056205 1.641953 -4.934302
v 0.056205 1.659062 -4.897747
v 0.068016 1.641953 -4.897747
v 0.056205 1.462012 -4.897747
v 0.056205 1.479121 -4.934302
v 0.068016 1.479121 -4.897747
v 0.068016 1.641953 -4.549842
v 0.056205 1.659062 -4.549842
v 0.056205 1.641953 -4.513287
v 0.068016 1.479121 -4.549842
v 0.056205 1.479121 -4.513287
v 0.056205 1.462012 -4.549842
v 0.056205 1.641953 -5.363738
v 0.056205 1.659062 -5.327183
v 0.068016 1.641953 -5.327183
v 0.056205 1.462012 -5.327183
v 0.056205 1.479121 -5.363738
v 0.068016 1.479121 -5.327183
v 0.068016 1.641953 -4.979278
v 0.056205 1.659062 -4.979278
v 0.056205 1.641953 -4.942723
v 0.068016 1.479121 -4.979278
v 0.056205 1.479121 -4.942723
v 0.056205 1.462012 -4.979278
v 0.056205 1.641953 -5.793174
v 0.056205 1.659062 -5.756619
v 0.068016 1.641953 -5.756619
v 0.056205 1.462012 -5.756619
v 0.056205 1.479121 -5.793174
v 0.068016 1.479121 -5.756619
v 0.068016 1.641953 -5.408714
v 0.056205 1.659062 -5.408714
v 0.056205 1.641953 -5.372159
v 0.068016 1.479121 -5.408714
v 0.056205 1.479121 -5.372159
v 0.056205 1.462012 -5.408714
v 0.056205 1.839395 -0.421016
v 0.056205 1.856504 -0.384460
v 0.068016 1.839395 -0.384460
v 0.056205 1.659453 -0.384460
v 0.056205 1.676562 -0.421016
v 0.068016 1.676562 -0.384460
v 0.068016 1.839395 -0.036555
v 0.056205 1.856504 -0.036555
v 0.056205 1.839395 0.000000
v 0.068016 1.676562 -0.036555
v 0.056205 1.676562 0.000000
v 0.056205 1.659453 -0.036555
v 0.056205 1.839395 -0.850451
v 0.056205 1.856504 -0.813896
v 0.068016 1.839395 -0.813896
v 0.056205 1.659453 -0.813896
v 0.056205 1.676562 -0.850451
v 0.068016 1.676562 -0.813896
v 0.068016 1.839395 -0.465991
v 0.056205 1.856504 -0.465991
v 0.056205 1.839395 -0.429436
v 0.068016 1.676562 -0.465991
v 0.056205 1.676562 -0.429436
v 0.056205 1.659453 -0.465991
v 0.056205 1.839395 -1.279887
v 0.056205 1.856504 -1.243332
v 0.068016 1.839395 -1.243332
v 0.056205 1.659453 -1.243332
v 0.056205 1.676562 -1.279887
v 0.068016 1.676562 -1.243332
v 0.068016 1.839395 -0.895427
v 0.056205 1.856504 -0.895427
v 0.056205 1.839395 -0.858872
v 0.068016 1.676562 -0.895427
v 0.056205 1.676562 -0.858872
v 0.056205 1.659453 -0.895427
v 0.056205 1.839395 -1.709323
v 0.056205 1.856504 -1.672768
v 0.068016 1.839395 -1.672768
v 0.056205 1.659453 -1.672768
v 0.056205 1.676562 -1.709323
v 0.068016 1.676562 -1.672768
v 0.068016 1.839395 -1.324862
v 0.056205 1.856504 -1.324862
v 0.056205 1.839395 -1.288307
v 0.068016 1.676562 -1.324862
v 0.056205 1.676562 -1.288307
v 0.056205 1.659453 -1.324862
v 0.056205 1.839395 -2.138759
v 0.056205 1.856504 -2.102204
v 0.068016 1.839395 -2.102204
v 0.056205 1.659453 -2.102204
v 0.056205 1.676562 -2.138759
v 0.068016 1.676562 -2.102204
v 0.068016 1.839395 -1.754298
v 0.056205 1.856504 -1.754298
v 0.056205 1.839395 -1.717743
v 0.068016 1.676562 -1.754298
v 0.056205 1.676562 -1.717743
v 0.056205 1.659453 -1.754298
v 0.056205 1.839395 -2.568195
v 0.056205 1.856504 -2.531640
v 0.068016 1.839395 -2.531640
v 0.056205 1.659453 -2.531640
v 0.056205 1.676562 -2.568195
v 0.068016 1.676562 -2.531640
v 0.068016 1.839395 -2.183734
v 0.056205 1.856504 -2.183734
v 0.056205 1.839395 -2.147179
v 0.068016 1.676562 -2.183734
v 0.056205 1.676562 -2.147179
v 0.056205 1.659453 -2.183734
v 0.056205 1.839395 -2.997630
v 0.056205 1.856504 -2.961075
v 0.068016 1.839395 -2.961075
v 0.056205 1.659453 -2.961075
v 0.056205 1.676562 -2.997630
v 0.068016 1.676562 -2.961075
v 0.068016 1.839395 -2.613170
v 0.056205 1.856504 -2.613170
v 0.056205 1.839395 -2.576615
v 0.068016 1.676562 -2.613170
v 0.056205 1.676562 -2.576615
v 0.056205 1.659453 -2.613170
v 0.056205 1.839395 -3.427066
v 0.056205 1.856504 -3.390511
v 0.068016 1.839395 -3.390511
v 0.056205 1.659453 -3.390511
v 0.056205 1.676562 -3.427066
v 0.068016 1.676562 -3.390511
v 0.068016 1.839395 -3.042606
v 0.056205 1.856504 -3.042606
v 0.056205 1.839395 -3.006051
v 0.068016 1.676562 -3.042606
v 0.056205 1.676562 -3.006051
v 0.056205 1.659453 -3.042606
v 0.056205 1.839395 -3.856502
v 0.056205 1.856504 -3.819947
v 0.068016 1.839395 -3.819947
v 0.056205 1.659453 -3.819947
v 0.056205 1.676562 -3.856502
v 0.068016 1.676562 -3.819947
v 0.068016 1.839395 -3.472042
v 0.056205 1.856504 -3.472042
v 0.056205 1.839395 -3.435486
v 0.068016 1.676562 -3.472042
v 0.056205 1.676562 -3.435486
v 0.056205 1.659453 -3.472042
v 0.056205 1.839395 -4.285938
v 0.056205 1.856504 -4.249382
v 0.068016 1.839395 -4.249382
v 0.056205 1.659453 -4.249382
v 0.056205 1.676562 -4.285938
v 0.068016 1.676562 -4.249382
v 0.068016 1.839395 -3.901478
v 0.056205 1.856504 -3.901478
v 0.056205 1.839395 -3.864923
v 0.068016 1.676562 -3.901478
v 0.056205 1.676562 -3.864923
v 0.056205 1.659453 -3.901478
v 0.056205 1.839395 -4.715374
v 0.056205 1.856504 -4.678819
v 0.068016 1.839395 -4.678819
v 0.056205 1.659453 -4.678819
v 0.056205 1.676562 -4.715374
v 0.068016 1.676562 -4.678819
v 0.068016 1.839395 -4.330914
v 0.056205 1.856504 -4.330914
v 0.056205 1.839395 -4.294358
v 0.068016 1.676562 -4.330914
v 0.056205 1.676562 -4.294358
v 0.056205 1.659453 -4.330914
v 0.056205 1.839395 -5.144810
v 0.056205 1.856504 -5.108255
v 0.068016 1.839395 -5.108255
v 0.056205 1.659453 -5.108255
v 0.056205 1.676562 -5.144810
v 0.068016 1.676562 -5.108255
v 0.068016 1.839395 -4.760350
v 0.056205 1.856504 -4.760350
v 0.056205 1.839395 -4.723794
v 0.068016 1.676562 -4.760350
v 0.056205 1.676562 -4.723794
v 0.056205 1.659453 -4.760350
v 0.056205 1.839395 -5.574246
v 0.056205 1.856504 -5.537691
v 0.068016 1.839395 -5.537691
v 0.056205 1.659453 -5.537691
v 0.056205 1.676562 -5.574246
v 0.068016 1.676562 -5.537691
v 0.068016 1.839395 -5.189785
v 0.056205 1.856504 -5.189785
v 0.056205 1.839395 -5.153231
v 0.068016 1.676562 -5.189785
v 0.056205 1.676562 -5.153231
v 0.056205 1.659453 -5.189785
v 0.068016 1.839395 -5.619222
v 0.056205 1.856504 -5.619222
v 0.056205 1.839395 -5.582666
v 0.068016 1.676562 -5.619222
v 0.056205 1.676562 -5.582666
v 0.056205 1.659453 -5.619222
v 0.056205 2.038820 -0.210508
v 0.056205 2.055929 -0.173953
v 0.068016 2.038820 -0.173953
v 0.056205 1.858878 -0.173953
v 0.056205 1.875988 -0.210508
v 0.068016 1.875988 -0.173953
v 0.068016 1.461663 -5.793174
v 0.056205 1.478772 -5.793174
v 0.068016 0.675724 -5.793174
v 0.056205 2.056320 -5.793174
v 0.056205 2.445391 -5.793174
v 0.068016 1.676562 -5.793174
v 0.068016 2.859367 -5.793174
v 0.056205 1.659453 -5.793174
v 0.056205 2.038820 -0.639944
v 0.056205 2.055929 -0.603388
v 0.068016 2.038820 -0.603388
v 0.056205 1.858878 -0.603388
v 0.056205 1.875988 -0.639944
v 0.068016 1.875988 -0.603388
v 0.068016 2.038820 -0.255483
v 0.056205 2.055929 -0.255483
v 0.056205 2.038820 -0.218928
v 0.068016 1.875988 -0.255483
v 0.056205 1.875988 -0.218928
v 0.056205 1.858878 -0.255483
v 0.056205 2.038820 -1.069379
v 0.056205 2.055929 -1.032824
v 0.068016 2.038820 -1.032824
v 0.056205 1.858878 -1.032824
v 0.056205 1.875988 -1.069379
v 0.068016 1.875988 -1.032824
v 0.068016 2.038820 -0.684919
v 0.056205 2.055929 -0.684919
v 0.056205 2.038820 -0.648364
v 0.068016 1.875988 -0.684919
v 0.056205 1.875988 -0.648364
v 0.056205 1.858878 -0.684919
v 0.056205 2.038820 -1.498815
v 0.056205 2.055929 -1.462260
v 0.068016 2.038820 -1.462260
v 0.056205 1.858878 -1.462260
v 0.056205 1.875988 -1.498815
v 0.068016 1.875988 -1.462260
v 0.068016 2.038820 -1.114355
v 0.056205 2.055929 -1.114355
v 0.056205 2.038820 -1.077800
v 0.068016 1.875988 -1.114355
v 0.056205 1.875988 -1.077800
v 0.056205 1.858878 -1.114355
v 0.056205 2.038820 -1.928251
v 0.056205 2.055929 -1.891696
v 0.068016 2.038820 -1.891696
v 0.056205 1.858878 -1.891696
v 0.056205 1.875988 -1.928251
v 0.068016 1.875988 -1.891696
v 0.068016 2.038820 -1.543791
v 0.056205 2.055929 -1.543791
v 0.056205 2.038820 -1.507235
v 0.068016 1.875988 -1.543791
v 0.056205 1.875988 -1.507235
v 0.056205 1.858878 -1.543791
v 0.056205 2.038820 -2.357687
v 0.056205 2.055929 -2.321132
v 0.068016 2.038820 -2.321132
v 0.056205 1.858878 -2.321132
v 0.056205 1.875988 -2.357687
v 0.068016 1.875988 -2.321132
v 0.068016 2.038820 -1.973226
v 0.056205 2.055929 -1.973226
v 0.056205 2.038820 -1.936671
v 0.068016 1.875988 -1.973226
v 0.056205 1.875988 -1.936671
v 0.056205 1.858878 -1.973226
v 0.056205 2.038820 -2.787122
v 0.056205 2.055929 -2.750567
v 0.068016 2.038820 -2.750567
v 0.056205 1.858878 -2.750567
v 0.056205 1.875988 -2.787122
v 0.068016 1.875988 -2.750567
v 0.068016 2.038820 -2.402662
v 0.056205 2.055929 -2.402662
v 0.056205 2.038820 -2.366107
v 0.068016 1.875988 -2.402662
v 0.056205 1.875988 -2.366107
v 0.056205 1.858878 -2.402662
v 0.056205 2.038820 -3.216558
v 0.056205 2.055929 -3.180003
v 0.068016 2.038820 -3.180003
v 0.056205 1.858878 -3.180003
v 0.056205 1.875988 -3.216558
v 0.068016 1.875988 -3.180003
v 0.068016 2.038820 -2.832098
v 0.056205 2.055929 -2.832098
v 0.056205 2.038820 -2.795543
v 0.068016 1.875988 -2.832098
v 0.056205 1.875988 -2.795543
v 0.056205 1.858878 -2.832098
v 0.056205 2.038820 -3.645994
v 0.056205 2.055929 -3.609439
v 0.068016 2.038820 -3.609439
v 0.056205 1.858878 -3.609439
v 0.056205 1.875988 -3.645994
v 0.068016 1.875988 -3.609439
v 0.068016 2.038820 -3.261534
v 0.056205 2.055929 -3.261534
v 0.056205 2.038820 -3.224979
v 0.068016 1.875988 -3.261534
v 0.056205 1.875988 -3.224979
v 0.056205 1.858878 -3.261534
v 0.056205 2.038820 -4.075430
v 0.056205 2.055929 -4.038875
v 0.068016 2.038820 -4.038875
v 0.056205 1.858878 -4.038875
v 0.056205 1.875988 -4.075430
v 0.068016 1.875988 -4.038875
v 0.068016 2.038820 -3.690970
v 0.056205 2.055929 -3.690970
v 0.056205 2.038820 -3.654415
v 0.068016 1.875988 -3.690970
v 0.056205 1.875988 -3.654415
v 0.056205 1.858878 -3.690970
v 0.056205 2.038820 -4.504866
v 0.056205 2.055929 -4.468311
v 0.068016 2.038820 -4.468311
v 0.056205 1.858878 -4.468311
v 0.056205 1.875988 -4.504866
v 0.068016 1.875988 -4.468311
v 0.068016 2.038820 -4.120406
v 0.056205 2.055929 -4.120406
v 0.056205 2.038820 -4.083851
v 0.068016 1.875988 -4.120406
v 0.056205 1.875988 -4.083851
v 0.056205 1.858878 -4.120406
v 0.056205 2.038820 -4.934302
v 0.056205 2.055929 -4.897747
v 0.068016 2.038820 -4.897747
v 0.056205 1.858878 -4.897747
v 0.056205 1.875988 -4.934302
v 0.068016 1.875988 -4.897747
v 0.068016 2.038820 -4.549842
v 0.056205 2.055929 -4.549842
v 0.056205 2.038820 -4.513287
v 0.068016 1.875988 -4.549842
v 0.056205 1.875988 -4.513287
v 0.056205 1.858878 -4.549842
v 0.056205 2.038820 -5.363738
v 0.056205 2.055929 -5.327183
v 0.068016 2.038820 -5.327183
v 0.056205 1.858878 -5.327183
v 0.056205 1.875988 -5.363738
v 0.068016 1.875988 -5.327183
v 0.068016 2.038820 -4.979278
v 0.056205 2.055929 -4.979278
v 0.056205 2.038820 -4.942723
v 0.068016 1.875988 -4.979278
v 0.056205 1.875988 -4.942723
v 0.056205 1.858878 -4.979278
v 0.056205 2.038820 -5.793174
v 0.056205 2.055929 -5.756619
v 0.068016 2.038820 -5.756619
v 0.056205 1.858878 -5.756619
v 0.056205 1.875988 -5.793174
v 0.068016 1.875988 -5.756619
v 0.068016 2.038820 -5.408714
v 0.056205 2.055929 -5.408714
v 0.056205 2.038820 -5.372159
v 0.068016 1.875988 -5.408714
v 0.056205 1.875988 -5.372159
v 0.056205 1.858878 -5.408714
v 0.056205 2.236261 -0.421016
v 0.056205 2.253371 -0.384460
v 0.068016 2.236261 -0.384460
v 0.056205 2.056320 -0.384460
v 0.056205 2.073429 -0.421016
v 0.068016 2.073429 -0.384460
v 0.068016 2.236261 -0.036555
v 0.056205 2.253371 -0.036555
v 0.056205 2.236261 0.000000
v 0.068016 2.073429 -0.036555
v 0.056205 2.073429 0.000000
v 0.056205 2.056320 -0.036555
v 0.056205 2.236261 -0.850451
v 0.056205 2.253371 -0.813896
v 0.068016 2.236261 -0.813896
v 0.056205 2.056320 -0.813896
v 0.056205 2.073429 -0.850451
v 0.068016 2.073429 -0.813896
v 0.068016 2.236261 -0.465991
v 0.056205 2.253371 -0.465991
v 0.056205 2.236261 -0.429436
v 0.068016 2.073429 -0.465991
v 0.056205 2.073429 -0.429436
v 0.056205 2.056320 -0.465991
v 0.056205 2.236261 -1.279887
v 0.056205 2.253371 -1.243332
v 0.068016 2.236261 -1.243332
v 0.056205 2.056320 -1.243332
v 0.056205 2.073429 -1.279887
v 0.068016 2.073429 -1.243332
v 0.068016 2.236261 -0.895427
v 0.056205 2.253371 -0.895427
v 0.056205 2.236261 -0.858872
v 0.068016 2.073429 -0.895427
v 0.056205 2.073429 -0.858872
v 0.056205 2.056320 -0.895427
v 0.056205 2.236261 -1.709323
v 0.056205 2.253371 -1.672768
v 0.068016 2.236261 -1.672768
v 0.056205 2.056320 -1.672768
v 0.056205 2.073429 -1.709323
v 0.068016 2.073429 -1.672768
v 0.068016 2.236261 -1.324862
v 0.056205 2.253371 -1.324862
v 0.056205 2.236261 -1.288307
v 0.068016 2.073429 -1.324862
v 0.056205 2.073429 -1.288307
v 0.056205 2.056320 -1.324862
v 0.056205 2.236261 -2.138759
v 0.056205 2.253371 -2.102204
v 0.068016 2.236261 -2.102204
v 0.056205 2.056320 -2.102204
v 0.056205 2.073429 -2.138759
v 0.068016 2.073429 -2.102204
v 0.068016 2.236261 -1.754298
v 0.056205 2.253371 -1.754298
v 0.056205 2.236261 -1.717743
v 0.068016 2.073429 -1.754298
v 0.056205 2.073429 -1.717743
v 0.056205 2.056320 -1.754298
v 0.056205 2.236261 -2.568195
v 0.056205 2.253371 -2.531640
v 0.068016 2.236261 -2.531640
v 0.056205 2.056320 -2.531640
v 0.056205 2.073429 -2.568195
v 0.068016 2.073429 -2.531640
v 0.068016 2.236261 -2.183734
v 0.056205 2.253371 -2.183734
v 0.056205 2.236261 -2.147179
v 0.068016 2.073429 -2.183734
v 0.056205 2.073429 -2.147179
v 0.056205 2.056320 -2.183734
v 0.056205 2.236261 -2.997630
v 0.056205 2.253371 -2.961075
v 0.068016 2.236261 -2.961075
v 0.056205 2.056320 -2.961075
v 0.056205 2.073429 -2.997630
v 0.068016 2.073429 -2.961075
v 0.068016 2.236261 -2.613170
v 0.056205 2.253371 -2.613170
v 0.056205 2.236261 -2.576615
v 0.068016 2.073429 -2.613170
v 0.056205 2.073429 -2.576615
v 0.056205 2.056320 -2.613170
v 0.056205 2.236261 -3.427066
v 0.056205 2.253371 -3.390511
v 0.068016 2.236261 -3.390511
v 0.056205 2.056320 -3.390511
v 0.056205 2.073429 -3.427066
v 0.068016 2.073429 -3.390511
v 0.068016 2.236261 -3.042606
v 0.056205 2.253371 -3.042606
v 0.056205 2.236261 -3.006051
v 0.068016 2.073429 -3.042606
v 0.056205 2.073429 -3.006051
v 0.056205 2.056320 -3.042606
v 0.056205 2.236261 -3.856502
v 0.056205 2.253371 -3.819947
v 0.068016 2.236261 -3.819947
v 0.056205 2.056320 -3.819947
v 0.056205 2.073429 -3.856502
v 0.068016 2.073429 -3.819947
v 0.068016 2.236261 -3.472042
v 0.056205 2.253371 -3.472042
v 0.056205 2.236261 -3.435486
v 0.068016 2.073429 -3.472042
v 0.056205 2.073429 -3.435486
v 0.056205 2.056320 -3.472042
v 0.056205 2.236261 -4.285938
v 0.056205 2.253371 -4.249382
v 0.068016 2.236261 -4.249382
v 0.056205 2.056320 -4.249382
v 0.056205 2.073429 -4.285938
v 0.068016 2.073429 -4.249382
v 0.068016 2.236261 -3.901478
v 0.056205 2.253371 -3.901478
v 0.056205 2.236261 -3.864923
v 0.068016 2.073429 -3.901478
v 0.056205 2.073429 -3.864923
v 0.056205 2.056320 -3.901478
v 0.056205 2.236261 -4.715374
v 0.056205 2.253371 -4.678819
v 0.068016 2.236261 -4.678819
v 0.056205 2.056320 -4.678819
v 0.056205 2.073429 -4.715374
v 0.068016 2.073429 -4.678819
v 0.068016 2.236261 -4.330914
v 0.056205 2.253371 -4.330914
v 0.056205 2.236261 -4.294358
v 0.068016 2.073429 -4.330914
v 0.056205 2.073429 -4.294358
v 0.056205 2.056320 -4.330914
v 0.056205 2.236261 -5.144810
v 0.056205 2.253371 -5.108255
v 0.068016 2.236261 -5.108255
v 0.056205 2.056320 -5.108255
v 0.056205 2.073429 -5.144810
v 0.068016 2.073429 -5.108255
v 0.068016 2.236261 -4.760350
v 0.056205 2.253371 -4.760350
v 0.056205 2.236261 -4.723794
v 0.068016 2.073429 -4.760350
v 0.056205 2.073429 -4.723794
v 0.056205 2.056320 -4.760350
v 0.056205 2.236261 -5.574246
v 0.056205 2.253371 -5.537691
v 0.068016 2.236261 -5.537691
v 0.056205 2.056320 -5.537691
v 0.056205 2.073429 -5.574246
v 0.068016 2.073429 -5.537691
v 0.068016 2.236261 -5.189785
v 0.056205 2.253371 -5.189785
v 0.056205 2.236261 -5.153231
v 0.068016 2.073429 -5.189785
v 0.056205 2.073429 -5.153231
v 0.056205 2.056320 -5.189785
v 0.068016 2.236261 -5.619222
v 0.056205 2.253371 -5.619222
v 0.056205 2.236261 -5.582666
v 0.068016 2.073429 -5.619222
v 0.056205 2.073429 -5.582666
v 0.056205 2.056320 -5.619222
v 0.056205 2.427891 -0.210508
v 0.056205 2.445000 -0.173953
v 0.068016 2.427891 -0.173953
v 0.056205 2.247949 -0.173953
v 0.056205 2.265059 -0.210508
v 0.068016 2.265059 -0.173953
v 0.068016 0.901963 -5.793170
v 0.056205 0.884854 -5.793174
v 0.068016 0.116025 -5.793174
v 0.056205 2.842258 -5.793174
v 0.056205 2.427891 -0.639944
v 0.056205 2.445000 -0.603388
v 0.068016 2.427891 -0.603388
v 0.056205 2.247949 -0.603388
v 0.056205 2.265059 -0.639944
v 0.068016 2.265059 -0.603388
v 0.068016 2.427891 -0.255483
v 0.056205 2.445000 -0.255483
v 0.056205 2.427891 -0.218928
v 0.068016 2.265059 -0.255483
v 0.056205 2.265059 -0.218928
v 0.056205 2.247949 -0.255483
v 0.056205 2.427891 -1.069379
v 0.056205 2.445000 -1.032824
v 0.068016 2.427891 -1.032824
v 0.056205 2.247949 -1.032824
v 0.056205 2.265059 -1.069379
v 0.068016 2.265059 -1.032824
v 0.068016 2.427891 -0.684919
v 0.056205 2.445000 -0.684919
v 0.056205 2.427891 -0.648364
v 0.068016 2.265059 -0.684919
v 0.056205 2.265059 -0.648364
v 0.056205 2.247949 -0.684919
v 0.056205 2.427891 -1.498815
v 0.056205 2.445000 -1.462260
v 0.068016 2.427891 -1.462260
v 0.056205 2.247949 -1.462260
v 0.056205 2.265059 -1.498815
v 0.068016 2.265059 -1.462260
v 0.068016 2.427891 -1.114355
v 0.056205 2.445000 -1.114355
v 0.056205 2.427891 -1.077800
v 0.068016 2.265059 -1.114355
v 0.056205 2.265059 -1.077800
v 0.056205 2.247949 -1.114355
v 0.056205 2.427891 -1.928251
v 0.056205 2.445000 -1.891696
v 0.068016 2.427891 -1.891696
v 0.056205 2.247949 -1.891696
v 0.056205 2.265059 -1.928251
v 0.068016 2.265059 -1.891696
v 0.068016 2.427891 -1.543791
v 0.056205 2.445000 -1.543791
v 0.056205 2.427891 -1.507235
v 0.068016 2.265059 -1.543791
v 0.056205 2.265059 -1.507235
v 0.056205 2.247949 -1.543791
v 0.056205 2.427891 -2.357687
v 0.056205 2.445000 -2.321132
v 0.068016 2.427891 -2.321132
v 0.056205 2.247949 -2.321132
v 0.056205 2.265059 -2.357687
v 0.068016 2.265059 -2.321132
v 0.068016 2.427891 -1.973226
v 0.056205 2.445000 -1.973226
v 0.056205 2.427891 -1.936671
v 0.068016 2.265059 -1.973226
v 0.056205 2.265059 -1.936671
v 0.056205 2.247949 -1.973226
v 0.056205 2.427891 -2.787122
v 0.056205 2.445000 -2.750567
v 0.068016 2.427891 -2.750567
v 0.056205 2.247949 -2.750567
v 0.056205 2.265059 -2.787122
v 0.068016 2.265059 -2.750567
v 0.068016 2.427891 -2.402662
v 0.056205 2.445000 -2.402662
v 0.056205 2.427891 -2.366107
v 0.068016 2.265059 -2.402662
v 0.056205 2.265059 -2.366107
v 0.056205 2.247949 -2.402662
v 0.056205 2.427891 -3.216558
v 0.056205 2.445000 -3.180003
v 0.068016 2.427891 -3.180003
v 0.056205 2.247949 -3.180003
v 0.056205 2.265059 -3.216558
v 0.068016 2.265059 -3.180003
v 0.068016 2.427891 -2.832098
v 0.056205 2.445000 -2.832098
v 0.056205 2.427891 -2.795543
v 0.068016 2.265059 -2.832098
v 0.056205 2.265059 -2.795543
v 0.056205 2.247949 -2.832098
v 0.056205 2.427891 -3.645994
v 0.056205 2.445000 -3.609439
v 0.068016 2.427891 -3.609439
v 0.056205 2.247949 -3.609439
v 0.056205 2.265059 -3.645994
v 0.068016 2.265059 -3.609439
v 0.068016 2.427891 -3.261534
v 0.056205 2.445000 -3.261534
v 0.056205 2.427891 -3.224979
v 0.068016 2.265059 -3.261534
v 0.056205 2.265059 -3.224979
v 0.056205 2.247949 -3.261534
v 0.056205 2.427891 -4.075430
v 0.056205 2.445000 -4.038875
v 0.068016 2.427891 -4.038875
v 0.056205 2.247949 -4.038875
v 0.056205 2.265059 -4.075430
v 0.068016 2.265059 -4.038875
v 0.068016 2.427891 -3.690970
v 0.056205 2.445000 -3.690970
v 0.056205 2.427891 -3.654415
v 0.068016 2.265059 -3.690970
v 0.056205 2.265059 -3.654415
v 0.056205 2.247949 -3.690970
v 0.056205 2.427891 -4.504866
v 0.056205 2.445000 -4.468311
v 0.068016 2.427891 -4.468311
v 0.056205 2.247949 -4.468311
v 0.056205 2.265059 -4.504866
v 0.068016 2.265059 -4.468311
v 0.068016 2.427891 -4.120406
v 0.056205 2.445000 -4.120406
v 0.056205 2.427891 -4.083851
v 0.068016 2.265059 -4.120406
v 0.056205 2.265059 -4.083851
v 0.056205 2.247949 -4.120406
v 0.056205 2.427891 -4.934302
v 0.056205 2.445000 -4.897747
v 0.068016 2.427891 -4.897747
v 0.056205 2.247949 -4.897747
v 0.056205 2.265059 -4.934302
v 0.068016 2.265059 -4.897747
v 0.068016 2.427891 -4.549842
v 0.056205 2.445000 -4.549842
v 0.056205 2.427891 -4.513287
v 0.068016 2.265059 -4.549842
v 0.056205 2.265059 -4.513287
v 0.056205 2.247949 -4.549842
v 0.056205 2.427891 -5.363738
v 0.056205 2.445000 -5.327183
v 0.068016 2.427891 -5.327183
v 0.056205 2.247949 -5.327183
v 0.056205 2.265059 -5.363738
v 0.068016 2.265059 -5.327183
v 0.068016 2.427891 -4.979278
v 0.056205 2.445000 -4.979278
v 0.056205 2.427891 -4.942723
v 0.068016 2.265059 -4.979278
v 0.056205 2.265059 -4.942723
v 0.056205 2.247949 -4.979278
v 0.056205 2.427891 -5.793174
v 0.056205 2.445000 -5.756619
v 0.068016 2.427891 -5.756619
v 0.056205 2.247949 -5.756619
v 0.056205 2.265059 -5.793174
v 0.068016 2.265059 -5.756619
v 0.068016 2.427891 -5.408714
v 0.056205 2.445000 -5.408714
v 0.056205 2.427891 -5.372159
v 0.068016 2.265059 -5.408714
v 0.056205 2.265059 -5.372159
v 0.056205 2.247949 -5.408714
v 0.056205 2.625333 -0.421016
v 0.056205 2.642442 -0.384460
v 0.068016 2.625333 -0.384460
v 0.056205 2.445391 -0.384460
v 0.056205 2.462500 -0.421016
v 0.068016 2.462500 -0.384460
v 0.068016 2.625333 -0.036555
v 0.056205 2.642442 -0.036555
v 0.056205 2.625333 0.000000
v 0.068016 2.462500 -0.036555
v 0.056205 2.462500 0.000000
v 0.056205 2.445391 -0.036555
v 0.056205 2.625333 -0.850451
v 0.056205 2.642442 -0.813896
v 0.068016 2.625333 -0.813896
v 0.056205 2.445391 -0.813896
v 0.056205 2.462500 -0.850451
v 0.068016 2.462500 -0.813896
v 0.068016 2.625333 -0.465991
v 0.056205 2.642442 -0.465991
v 0.056205 2.625333 -0.429436
v 0.068016 2.462500 -0.465991
v 0.056205 2.462500 -0.429436
v 0.056205 2.445391 -0.465991
v 0.056205 2.625333 -1.279887
v 0.056205 2.642442 -1.243332
v 0.068016 2.625333 -1.243332
v 0.056205 2.445391 -1.243332
v 0.056205 2.462500 -1.279887
v 0.068016 2.462500 -1.243332
v 0.068016 2.625333 -0.895427
v 0.056205 2.642442 -0.895427
v 0.056205 2.625333 -0.858872
v 0.068016 2.462500 -0.895427
v 0.056205 2.462500 -0.858872
v 0.056205 2.445391 -0.895427
v 0.056205 2.625333 -1.709323
v 0.056205 2.642442 -1.672768
v 0.068016 2.625333 -1.672768
v 0.056205 2.445391 -1.672768
v 0.056205 2.462500 -1.709323
v 0.068016 2.462500 -1.672768
v 0.068016 2.625333 -1.324862
v 0.056205 2.642442 -1.324862
v 0.056205 2.625333 -1.288307
v 0.068016 2.462500 -1.324862
v 0.056205 2.462500 -1.288307
v 0.056205 2.445391 -1.324862
v 0.056205 2.625333 -2.138759
v 0.056205 2.642442 -2.102204
v 0.068016 2.625333 -2.102204
v 0.056205 2.445391 -2.102204
v 0.056205 2.462500 -2.138759
v 0.068016 2.462500 -2.102204
v 0.068016 2.625333 -1.754298
v 0.056205 2.642442 -1.754298
v 0.056205 2.625333 -1.717743
v 0.068016 2.462500 -1.754298
v 0.056205 2.462500 -1.717743
v 0.056205 2.445391 -1.754298
v 0.056205 2.625333 -2.568195
v 0.056205 2.642442 -2.531640
v 0.068016 2.625333 -2.531640
v 0.056205 2.445391 -2.531640
v 0.056205 2.462500 -2.568195
v 0.068016 2.462500 -2.531640
v 0.068016 2.625333 -2.183734
v 0.056205 2.642442 -2.183734
v 0.056205 2.625333 -2.147179
v 0.068016 2.462500 -2.183734
v 0.056205 2.462500 -2.147179
v 0.056205 2.445391 -2.183734
v 0.056205 2.625333 -2.997630
v 0.056205 2.642442 -2.961075
v 0.068016 2.625333 -2.961075
v 0.056205 2.445391 -2.961075
v 0.056205 2.462500 -2.997630
v 0.068016 2.462500 -2.961075
v 0.068016 2.625333 -2.613170
v 0.056205 2.642442 -2.613170
v 0.056205 2.625333 -2.576615
v 0.068016 2.462500 -2.613170
v 0.056205 2.462500 -2.576615
v 0.056205 2.445391 -2.613170
v 0.056205 2.625333 -3.427066
v 0.056205 2.642442 -3.390511
v 0.068016 2.625333 -3.390511
v 0.056205 2.445391 -3.390511
v 0.056205 2.462500 -3.427066
v 0.068016 2.462500 -3.390511
v 0.068016 2.625333 -3.042606
v 0.056205 2.642442 -3.042606
v 0.056205 2.625333 -3.006051
v 0.068016 2.462500 -3.042606
v 0.056205 2.462500 -3.006051
v 0.056205 2.445391 -3.042606
v 0.056205 2.625333 -3.856502
v 0.056205 2.642442 -3.819947
v 0.068016 2.625333 -3.819947
v 0.056205 2.445391 -3.819947
v 0.056205 2.462500 -3.856502
v 0.068016 2.462500 -3.819947
v 0.068016 2.625333 -3.472042
v 0.056205 2.642442 -3.472042
v 0.056205 2.625333 -3.435486
v 0.068016 2.462500 -3.472042
v 0.056205 2.462500 -3.435486
v 0.056205 2.445391 -3.472042
v 0.056205 2.625333 -4.285938
v 0.056205 2.642442 -4.249382
v 0.068016 2.625333 -4.249382
v 0.056205 2.445391 -4.249382
v 0.056205 2.462500 -4.285938
v 0.068016 2.462500 -4.249382
v 0.068016 2.625333 -3.901478
v 0.056205 2.642442 -3.901478
v 0.056205 2.625333 -3.864923
v 0.068016 2.462500 -3.901478
v 0.056205 2.462500 -3.864923
v 0.056205 2.445391 -3.901478
v 0.056205 2.625333 -4.715374
v 0.056205 2.642442 -4.678819
v 0.068016 2.625333 -4.678819
v 0.056205 2.445391 -4.678819
v 0.056205 2.462500 -4.715374
v 0.068016 2.462500 -4.678819
v 0.068016 2.625333 -4.330914
v 0.056205 2.642442 -4.330914
v 0.056205 2.625333 -4.294358
v 0.068016 2.462500 -4.330914
v 0.056205 2.462500 -4.294358
v 0.056205 2.445391 -4.330914
v 0.056205 2.625333 -5.144810
v 0.056205 2.642442 -5.108255
v 0.068016 2.625333 -5.108255
v 0.056205 2.445391 -5.108255
v 0.056205 2.462500 -5.144810
v 0.068016 2.462500 -5.108255
v 0.068016 2.625333 -4.760350
v 0.056205 2.642442 -4.760350
v 0.056205 2.625333 -4.723794
v 0.068016 2.462500 -4.760350
v 0.056205 2.462500 -4.723794
v 0.056205 2.445391 -4.760350
v 0.056205 2.625333 -5.574246
v 0.056205 2.642442 -5.537691
v 0.068016 2.625333 -5.537691
v 0.056205 2.445391 -5.537691
v 0.056205 2.462500 -5.574246
v 0.068016 2.462500 -5.537691
v 0.068016 2.625333 -5.189785
v 0.056205 2.642442 -5.189785
v 0.056205 2.625333 -5.153231
v 0.068016 2.462500 -5.189785
v 0.056205 2.462500 -5.153231
v 0.056205 2.445391 -5.189785
v 0.068016 2.625333 -5.619222
v 0.056205 2.642442 -5.619222
v 0.056205 2.625333 -5.582666
v 0.068016 2.462500 -5.619222
v 0.056205 2.462500 -5.582666
v 0.056205 2.445391 -5.619222
v 0.056205 2.824758 -0.210508
v 0.056205 2.841867 -0.173953
v 0.068016 2.824758 -0.173953
v 0.056205 2.644816 -0.173953
v 0.056205 2.661925 -0.210508
v 0.068016 2.661925 -0.173953
v 0.068016 2.625333 -5.793174
v 0.056205 2.642442 -5.793174
v 0.068016 1.839395 -5.793174
v 0.056205 1.856504 -5.793174
v 0.068016 1.064796 -5.793174
v 0.056205 2.824758 -0.639944
v 0.056205 2.841867 -0.603388
v 0.068016 2.824758 -0.603388
v 0.056205 2.644816 -0.603388
v 0.056205 2.661925 -0.639944
v 0.068016 2.661925 -0.603388
v 0.068016 2.824758 -0.255483
v 0.056205 2.841867 -0.255483
v 0.056205 2.824758 -0.218928
v 0.068016 2.661925 -0.255483
v 0.056205 2.661925 -0.218928
v 0.056205 2.644816 -0.255483
v 0.056205 2.824758 -1.069379
v 0.056205 2.841867 -1.032824
v 0.068016 2.824758 -1.032824
v 0.056205 2.644816 -1.032824
v 0.056205 2.661925 -1.069379
v 0.068016 2.661925 -1.032824
v 0.068016 2.824758 -0.684919
v 0.056205 2.841867 -0.684919
v 0.056205 2.824758 -0.648364
v 0.068016 2.661925 -0.684919
v 0.056205 2.661925 -0.648364
v 0.056205 2.644816 -0.684919
v 0.056205 2.824758 -1.498815
v 0.056205 2.841867 -1.462260
v 0.068016 2.824758 -1.462260
v 0.056205 2.644816 -1.462260
v 0.056205 2.661925 -1.498815
v 0.068016 2.661925 -1.462260
v 0.068016 2.824758 -1.114355
v 0.056205 2.841867 -1.114355
v 0.056205 2.824758 -1.077800
v 0.068016 2.661925 -1.114355
v 0.056205 2.661925 -1.077800
v 0.056205 2.644816 -1.114355
v 0.056205 2.824758 -1.928251
v 0.056205 2.841867 -1.891696
v 0.068016 2.824758 -1.891696
v 0.056205 2.644816 -1.891696
v 0.056205 2.661925 -1.928251
v 0.068016 2.661925 -1.891696
v 0.068016 2.824758 -1.543791
v 0.056205 2.841867 -1.543791
v 0.056205 2.824758 -1.507235
v 0.068016 2.661925 -1.543791
v 0.056205 2.661925 -1.507235
v 0.056205 2.644816 -1.543791
v 0.056205 2.824758 -2.357687
v 0.056205 2.841867 -2.321132
v 0.068016 2.824758 -2.321132
v 0.056205 2.644816 -2.321132
v 0.056205 2.661925 -2.357687
v 0.068016 2.661925 -2.321132
v 0.068016 2.824758 -1.973226
v 0.056205 2.841867 -1.973226
v 0.056205 2.824758 -1.936671
v 0.068016 2.661925 -1.973226
v 0.056205 2.661925 -1.936671
v 0.056205 2.644816 -1.973226
v 0.056205 2.824758 -2.787122
v 0.056205 2.841867 -2.750567
v 0.068016 2.824758 -2.750567
v 0.056205 2.644816 -2.750567
v 0.056205 2.661925 -2.787122
v 0.068016 2.661925 -2.750567
v 0.068016 2.824758 -2.402662
v 0.056205 2.841867 -2.402662
v 0.056205 2.824758 -2.366107
v 0.068016 2.661925 -2.402662
v 0.056205 2.661925 -2.366107
v 0.056205 2.644816 -2.402662
v 0.056205 2.824758 -3.216558
v 0.056205 2.841867 -3.180003
v 0.068016 2.824758 -3.180003
v 0.056205 2.644816 -3.180003
v 0.056205 2.661925 -3.216558
v 0.068016 2.661925 -3.180003
v 0.068016 2.824758 -2.832098
v 0.056205 2.841867 -2.832098
v 0.056205 2.824758 -2.795543
v 0.068016 2.661925 -2.832098
v 0.056205 2.661925 -2.795543
v 0.056205 2.644816 -2.832098
v 0.056205 2.824758 -3.645994
v 0.056205 2.841867 -3.609439
v 0.068016 2.824758 -3.609439
v 0.056205 2.644816 -3.609439
v 0.056205 2.661925 -3.645994
v 0.068016 2.661925 -3.609439
v 0.068016 2.824758 -3.261534
v 0.056205 2.841867 -3.261534
v 0.056205 2.824758 -3.224979
v 0.068016 2.661925 -3.261534
v 0.056205 2.661925 -3.224979
v 0.056205 2.644816 -3.261534
v 0.056205 2.824758 -4.075430
v 0.056205 2.841867 -4.038875
v 0.068016 2.824758 -4.038875
v 0.056205 2.644816 -4.038875
v 0.056205 2.661925 -4.075430
v 0.068016 2.661925 -4.038875
v 0.068016 2.824758 -3.690970
v 0.056205 2.841867 -3.690970
v 0.056205 2.824758 -3.654415
v 0.068016 2.661925 -3.690970
v 0.056205 2.661925 -3.654415
v 0.056205 2.644816 -3.690970
v 0.056205 2.824758 -4.504866
v 0.056205 2.841867 -4.468311
v 0.068016 2.824758 -4.468311
v 0.056205 2.644816 -4.468311
v 0.056205 2.661925 -4.504866
v 0.068016 2.661925 -4.468311
v 0.068016 2.824758 -4.120406
v 0.056205 2.841867 -4.120406
v 0.056205 2.824758 -4.083851
v 0.068016 2.661925 -4.120406
v 0.056205 2.661925 -4.083851
v 0.056205 2.644816 -4.120406
v 0.056205 2.824758 -4.934302
v 0.056205 2.841867 -4.897747
v 0.068016 2.824758 -4.897747
v 0.056205 2.644816 -4.897747
v 0.056205 2.661925 -4.934302
v 0.068016 2.661925 -4.897747
v 0.068016 2.824758 -4.549842
v 0.056205 2.841867 -4.549842
v 0.056205 2.824758 -4.513287
v 0.068016 2.661925 -4.549842
v 0.056205 2.661925 -4.513287
v 0.056205 2.644816 -4.549842
v 0.056205 2.824758 -5.363738
v 0.056205 2.841867 -5.327183
v 0.068016 2.824758 -5.327183
v 0.056205 2.644816 -5.327183
v 0.056205 2.661925 -5.363738
v 0.068016 2.661925 -5.327183
v 0.068016 2.824758 -4.979278
v 0.056205 2.841867 -4.979278
v 0.056205 2.824758 -4.942723
v 0.068016 2.661925 -4.979278
v 0.056205 2.661925 -4.942723
v 0.056205 2.644816 -4.979278
v 0.056205 2.824758 -5.793175
v 0.056205 2.841867 -5.756619
v 0.068016 2.824758 -5.756619
v 0.056205 2.644816 -5.756619
v 0.056205 2.661925 -5.793174
v 0.068016 2.661925 -5.756619
v 0.068016 2.824758 -5.408714
v 0.056205 2.841867 -5.408714
v 0.056205 2.824758 -5.372159
v 0.068016 2.661925 -5.408714
v 0.056205 2.661925 -5.372159
v 0.056205 2.644816 -5.408714
v 0.056205 3.022199 -0.421016
v 0.056205 3.039309 -0.384460
v 0.068016 3.022199 -0.384460
v 0.056205 2.842258 -0.384460
v 0.056205 2.859367 -0.421016
v 0.068016 2.859367 -0.384460
v 0.068016 3.022199 -0.036555
v 0.056205 3.039310 -0.036555
v 0.056205 3.022199 0.000000
v 0.068016 2.859367 -0.036555
v 0.056205 2.859367 0.000000
v 0.056205 2.842258 -0.036555
v 0.056205 3.022199 -0.850451
v 0.056205 3.039309 -0.813896
v 0.068016 3.022199 -0.813896
v 0.056205 2.842258 -0.813896
v 0.056205 2.859367 -0.850451
v 0.068016 2.859367 -0.813896
v 0.068016 3.022199 -0.465991
v 0.056205 3.039309 -0.465991
v 0.056205 3.022199 -0.429436
v 0.068016 2.859367 -0.465991
v 0.056205 2.859367 -0.429436
v 0.056205 2.842258 -0.465991
v 0.056205 3.022199 -1.279887
v 0.056205 3.039309 -1.243332
v 0.068016 3.022199 -1.243332
v 0.056205 2.842258 -1.243332
v 0.056205 2.859367 -1.279887
v 0.068016 2.859367 -1.243332
v 0.068016 3.022199 -0.895427
v 0.056205 3.039309 -0.895427
v 0.056205 3.022199 -0.858872
v 0.068016 2.859367 -0.895427
v 0.056205 2.859367 -0.858872
v 0.056205 2.842258 -0.895427
v 0.056205 3.022199 -1.709323
v 0.056205 3.039309 -1.672768
v 0.068016 3.022199 -1.672768
v 0.056205 2.842258 -1.672768
v 0.056205 2.859367 -1.709323
v 0.068016 2.859367 -1.672768
v 0.068016 3.022199 -1.324862
v 0.056205 3.039309 -1.324862
v 0.056205 3.022199 -1.288307
v 0.068016 2.859367 -1.324862
v 0.056205 2.859367 -1.288307
v 0.056205 2.842258 -1.324862
v 0.056205 3.022199 -2.138759
v 0.056205 3.039309 -2.102204
v 0.068016 3.022199 -2.102204
v 0.056205 2.842258 -2.102204
v 0.056205 2.859367 -2.138759
v 0.068016 2.859367 -2.102204
v 0.068016 3.022199 -1.754298
v 0.056205 3.039309 -1.754298
v 0.056205 3.022199 -1.717743
v 0.068016 2.859367 -1.754298
v 0.056205 2.859367 -1.717743
v 0.056205 2.842258 -1.754298
v 0.056205 3.022199 -2.568195
v 0.056205 3.039309 -2.531640
v 0.068016 3.022199 -2.531640
v 0.056205 2.842258 -2.531640
v 0.056205 2.859367 -2.568195
v 0.068016 2.859367 -2.531640
v 0.068016 3.022199 -2.183734
v 0.056205 3.039309 -2.183734
v 0.056205 3.022199 -2.147179
v 0.068016 2.859367 -2.183734
v 0.056205 2.859367 -2.147179
v 0.056205 2.842258 -2.183734
v 0.056205 3.022199 -2.997630
v 0.056205 3.039309 -2.961075
v 0.068016 3.022199 -2.961075
v 0.056205 2.842258 -2.961075
v 0.056205 2.859367 -2.997630
v 0.068016 2.859367 -2.961075
v 0.068016 3.022199 -2.613170
v 0.056205 3.039309 -2.613170
v 0.056205 3.022199 -2.576615
v 0.068016 2.859367 -2.613170
v 0.056205 2.859367 -2.576615
v 0.056205 2.842258 -2.613170
v 0.056205 3.022199 -3.427066
v 0.056205 3.039309 -3.390511
v 0.068016 3.022199 -3.390511
v 0.056205 2.842258 -3.390511
v 0.056205 2.859367 -3.427066
v 0.068016 2.859367 -3.390511
v 0.068016 3.022199 -3.042606
v 0.056205 3.039309 -3.042606
v 0.056205 3.022199 -3.006051
v 0.068016 2.859367 -3.042606
v 0.056205 2.859367 -3.006051
v 0.056205 2.842258 -3.042606
v 0.056205 3.022199 -3.856502
v 0.056205 3.039309 -3.819947
v 0.068016 3.022199 -3.819947
v 0.056205 2.842258 -3.819947
v 0.056205 2.859367 -3.856502
v 0.068016 2.859367 -3.819947
v 0.068016 3.022199 -3.472042
v 0.056205 3.039309 -3.472042
v 0.056205 3.022199 -3.435486
v 0.068016 2.859367 -3.472042
v 0.056205 2.859367 -3.435486
v 0.056205 2.842258 -3.472042
v 0.056205 3.022199 -4.285938
v 0.056205 3.039309 -4.249382
v 0.068016 3.022199 -4.249382
v 0.056205 2.842258 -4.249382
v 0.056205 2.859367 -4.285938
v 0.068016 2.859367 -4.249382
v 0.068016 3.022199 -3.901478
v 0.056205 3.039309 -3.901478
v 0.056205 3.022199 -3.864923
v 0.068016 2.859367 -3.901478
v 0.056205 2.859367 -3.864923
v 0.056205 2.842258 -3.901478
v 0.056205 3.022199 -4.715374
v 0.056205 3.039309 -4.678819
v 0.068016 3.022199 -4.678819
v 0.056205 2.842258 -4.678819
v 0.056205 2.859367 -4.715374
v 0.068016 2.859367 -4.678819
v 0.068016 3.022199 -4.330914
v 0.056205 3.039309 -4.330914
v 0.056205 3.022199 -4.294358
v 0.068016 2.859367 -4.330914
v 0.056205 2.859367 -4.294358
v 0.056205 2.842258 -4.330914
v 0.056205 3.022199 -5.144810
v 0.056205 3.039309 -5.108255
v 0.068016 3.022199 -5.108255
v 0.056205 2.842258 -5.108255
v 0.056205 2.859367 -5.144810
v 0.068016 2.859367 -5.108255
v 0.068016 3.022199 -4.760350
v 0.056205 3.039309 -4.760350
v 0.056205 3.022199 -4.723794
v 0.068016 2.859367 -4.760350
v 0.056205 2.859367 -4.723794
v 0.056205 2.842258 -4.760350
v 0.056205 3.022199 -5.574246
v 0.056205 3.039309 -5.537691
v 0.068016 3.022199 -5.537691
v 0.056205 2.842258 -5.537691
v 0.056205 2.859367 -5.574246
v 0.068016 2.859367 -5.537691
v 0.068016 3.022199 -5.189785
v 0.056205 3.039309 -5.189785
v 0.056205 3.022199 -5.153231
v 0.068016 2.859367 -5.189785
v 0.056205 2.859367 -5.153231
v 0.056205 2.842258 -5.189785
v 0.068016 3.022199 -5.619222
v 0.056205 3.039309 -5.619222
v 0.056205 3.022199 -5.582666
v 0.068016 2.859367 -5.619222
v 0.056205 2.859367 -5.582666
v 0.056205 2.842258 -5.619222
v 0.068016 2.824758 0.000267
v 0.056205 0.884463 0.000267
v 0.056205 0.298341 0.000267
v 0.068016 2.265059 0.000267
v 0.068016 0.081416 0.000267
v 0.068016 0.315451 0.000267
v 0.056205 0.687413 0.000267
v 0.056205 2.644816 0.000267
v 0.068016 0.704522 0.000267
v 0.068016 -0.081416 0.000267
v 0.056205 0.495392 0.000267
v 0.068016 1.101388 0.000267
v 0.056205 1.462012 0.000267
v 0.056205 1.858878 0.000267
v 0.068016 1.479121 0.000267
v 0.056205 2.247949 0.000267
v 0.068016 0.478283 0.000267
v 0.056205 2.445000 0.000267
v 0.068016 2.661925 0.000267
v 0.068016 0.867354 0.000267
v 0.056205 1.281330 0.000267
v 0.056205 1.084279 0.000267
v 0.056205 0.098525 0.000267
v 0.056205 1.659062 0.000267
v 0.068016 1.264221 0.000267
v 0.068016 1.641953 0.000267
v 0.056205 2.055929 0.000267
v 0.068016 1.875988 0.000267
v 0.056205 -0.098525 0.000267
v 0.068016 2.038820 0.000267
v 0.056205 2.841867 0.000267
v 0.068016 2.427891 0.000267
vn 1.0000 -0.0000 -0.0000
vn 0.7953 0.5490 -0.2570
vn 0.7953 -0.5490 -0.2570
vn 0.9516 -0.0000 -0.3075
vn 0.8229 0.5681 -0.0000
vn 0.7953 0.5490 0.2570
vn 0.7953 -0.5490 0.2570
vn 0.9516 -0.0000 0.3075
vn 0.8229 -0.5681 -0.0000
vn 0.8230 0.5681 -0.0000
vn 0.8230 -0.5681 -0.0000
vn -0.0000 -0.0000 1.0000
vn -0.0000 -0.0000 -1.0000
vn 0.0002 -0.0000 -1.0000
vt 0.396707 0.521707
vt 0.603294 0.521707
vt 0.603294 0.625158
vt 0.396707 0.625158
vt 0.603293 0.478293
vt 0.625000 0.478293
vt 0.603293 0.500000
vt 0.353294 0.521707
vt 0.353294 0.500000
vt 0.375000 0.521707
vt 0.396707 0.478294
vt 0.646707 0.521707
vt 0.646707 0.625158
vt 0.603293 0.728293
vt 0.396707 0.728294
vt 0.603293 0.750000
vt 0.625000 0.771707
vt 0.603294 0.771707
vt 0.375000 0.728294
vt 0.353294 0.750000
vt 0.353294 0.728293
vt 0.396707 0.771707
vt 0.646707 0.728294
vt 0.353294 0.625000
vt 0.396707 0.625000
vt 0.603294 0.625000
vt 0.646707 0.625000
vt 0.353294 0.625158
s 0
usemtl brick_red_non-metalic_(rough)
f 6/1/1 3/2/1 2629/3/1 2634/4/1
f 1/5/2 2/6/2 3/7/2
f 4/8/3 5/9/3 6/10/3
f 3/2/4 6/1/4 5/11/4 1/5/4
f 2/12/5 2647/13/5 2629/3/5 3/2/5
f 12/1/1 9/2/1 13/14/1 16/15/1
f 7/5/2 8/6/2 9/7/2
f 10/8/3 11/9/3 12/10/3
f 13/16/6 14/17/6 15/18/6
f 16/19/7 17/20/7 18/21/7
f 9/2/4 12/1/4 11/11/4 7/5/4
f 15/18/8 17/22/8 16/15/8 13/14/8
f 8/12/5 14/23/5 13/14/5 9/2/5
f 18/21/9 10/8/9 12/1/9 16/15/9
f 24/1/1 21/2/1 25/14/1 28/15/1
f 19/5/2 20/6/2 21/7/2
f 22/8/3 23/9/3 24/10/3
f 25/16/6 26/17/6 27/18/6
f 28/19/7 29/20/7 30/21/7
f 21/2/4 24/1/4 23/11/4 19/5/4
f 27/18/8 29/22/8 28/15/8 25/14/8
f 20/12/5 26/23/5 25/14/5 21/2/5
f 30/21/9 22/8/9 24/1/9 28/15/9
f 36/1/1 33/2/1 37/14/1 40/15/1
f 31/5/2 32/6/2 33/7/2
f 34/8/3 35/9/3 36/10/3
f 37/16/6 38/17/6 39/18/6
f 40/19/7 41/20/7 42/21/7
f 33/2/4 36/1/4 35/11/4 31/5/4
f 39/18/8 41/22/8 40/15/8 37/14/8
f 32/12/5 38/23/5 37/14/5 33/2/5
f 42/21/9 34/8/9 36/1/9 40/15/9
f 48/1/1 45/2/1 49/14/1 52/15/1
f 43/5/2 44/6/2 45/7/2
f 46/8/3 47/9/3 48/10/3
f 49/16/6 50/17/6 51/18/6
f 52/19/7 53/20/7 54/21/7
f 45/2/4 48/1/4 47/11/4 43/5/4
f 51/18/8 53/22/8 52/15/8 49/14/8
f 44/12/5 50/23/5 49/14/5 45/2/5
f 54/21/9 46/8/9 48/1/9 52/15/9
f 60/1/1 57/2/1 61/14/1 64/15/1
f 55/5/2 56/6/2 57/7/2
f 58/8/3 59/9/3 60/10/3
f 61/16/6 62/17/6 63/18/6
f 64/19/7 65/20/7 66/21/7
f 57/2/4 60/1/4 59/11/4 55/5/4
f 63/18/8 65/22/8 64/15/8 61/14/8
f 56/12/5 62/23/5 61/14/5 57/2/5
f 66/21/9 58/8/9 60/1/9 64/15/9
f 72/1/1 69/2/1 73/14/1 76/15/1
f 67/5/2 68/6/2 69/7/2
f 70/8/3 71/9/3 72/10/3
f 73/16/6 74/17/6 75/18/6
f 76/19/7 77/20/7 78/21/7
f 69/2/4 72/1/4 71/11/4 67/5/4
f 75/18/8 77/22/8 76/15/8 73/14/8
f 68/12/5 74/23/5 73/14/5 69/2/5
f 78/21/9 70/8/9 72/1/9 76/15/9
f 84/1/1 81/2/1 85/14/1 88/15/1
f 79/5/2 80/6/2 81/7/2
f 82/8/3 83/9/3 84/10/3
f 85/16/6 86/17/6 87/18/6
f 88/19/7 89/20/7 90/21/7
f 81/2/4 84/1/4 83/11/4 79/5/4
f 87/18/8 89/22/8 88/15/8 85/14/8
f 80/12/5 86/23/5 85/14/5 81/2/5
f 90/21/9 82/8/9 84/1/9 88/15/9
f 96/1/1 93/2/1 97/14/1 100/15/1
f 91/5/2 92/6/2 93/7/2
f 94/8/3 95/9/3 96/10/3
f 97/16/6 98/17/6 99/18/6
f 100/19/7 101/20/7 102/21/7
f 93/2/4 96/1/4 95/11/4 91/5/4
f 99/18/8 101/22/8 100/15/8 97/14/8
f 92/12/5 98/23/5 97/14/5 93/2/5
f 102/21/9 94/8/9 96/1/9 100/15/9
f 108/1/1 105/2/1 109/14/1 112/15/1
f 103/5/2 104/6/2 105/7/2
f 106/8/3 107/9/3 108/10/3
f 109/16/6 110/17/6 111/18/6
f 112/19/7 113/20/7 114/21/7
f 105/2/4 108/1/4 107/11/4 103/5/4
f 111/18/8 113/22/8 112/15/8 109/14/8
f 104/12/5 110/23/5 109/14/5 105/2/5
f 114/21/9 106/8/9 108/1/9 112/15/9
f 120/1/1 117/2/1 121/14/1 124/15/1
f 115/5/2 116/6/2 117/7/2
f 118/8/3 119/9/3 120/10/3
f 121/16/6 122/17/6 123/18/6
f 124/19/7 125/20/7 126/21/7
f 117/2/4 120/1/4 119/11/4 115/5/4
f 123/18/8 125/22/8 124/15/8 121/14/8
f 116/12/5 122/23/5 121/14/5 117/2/5
f 126/21/9 118/8/9 120/1/9 124/15/9
f 132/1/1 129/2/1 133/14/1 136/15/1
f 127/5/2 128/6/2 129/7/2
f 130/8/3 131/9/3 132/10/3
f 133/16/6 134/17/6 135/18/6
f 136/19/7 137/20/7 138/21/7
f 129/2/4 132/1/4 131/11/4 127/5/4
f 135/18/8 137/22/8 136/15/8 133/14/8
f 128/12/5 134/23/5 133/14/5 129/2/5
f 138/21/9 130/8/9 132/1/9 136/15/9
f 144/1/1 141/2/1 145/14/1 148/15/1
f 139/5/2 140/6/2 141/7/2
f 142/8/3 143/9/3 144/10/3
f 145/16/6 146/17/6 147/18/6
f 148/19/7 149/20/7 150/21/7
f 141/2/4 144/1/4 143/11/4 139/5/4
f 147/18/8 149/22/8 148/15/8 145/14/8
f 140/12/5 146/23/5 145/14/5 141/2/5
f 150/21/9 142/8/9 144/1/9 148/15/9
f 156/1/1 153/2/1 157/14/1 160/15/1
f 151/5/2 152/6/2 153/7/2
f 154/8/3 155/9/3 156/10/3
f 157/16/6 158/17/6 159/18/6
f 160/19/7 161/20/7 162/21/7
f 153/2/4 156/1/4 155/11/4 151/5/4
f 159/18/8 161/22/8 160/15/8 157/14/8
f 152/12/5 158/23/5 157/14/5 153/2/5
f 162/21/9 154/8/9 156/1/9 160/15/9
f 168/1/1 165/2/1 169/14/1 172/15/1
f 163/5/2 164/6/2 165/7/2
f 166/8/3 167/9/3 168/10/3
f 169/16/6 170/17/6 171/18/6
f 172/19/7 173/20/7 174/21/7
f 165/2/4 168/1/4 167/11/4 163/5/4
f 171/18/8 173/22/8 172/15/8 169/14/8
f 164/12/5 170/23/5 169/14/5 165/2/5
f 174/21/9 166/8/9 168/1/9 172/15/9
f 180/1/1 177/2/1 181/14/1 184/15/1
f 175/5/2 176/6/2 177/7/2
f 178/8/3 179/9/3 180/10/3
f 181/16/6 182/17/6 183/18/6
f 184/19/7 185/20/7 186/21/7
f 177/2/4 180/1/4 179/11/4 175/5/4
f 183/18/8 185/22/8 184/15/8 181/14/8
f 176/12/5 182/23/5 181/14/5 177/2/5
f 186/21/9 178/8/9 180/1/9 184/15/9
f 192/1/1 189/2/1 193/14/1 196/15/1
f 187/5/2 188/6/2 189/7/2
f 190/8/3 191/9/3 192/10/3
f 193/16/6 194/17/6 195/18/6
f 196/19/7 197/20/7 198/21/7
f 189/2/4 192/1/4 191/11/4 187/5/4
f 195/18/8 197/22/8 196/15/8 193/14/8
f 188/12/5 194/23/5 193/14/5 189/2/5
f 198/21/9 190/8/9 192/1/9 196/15/9
f 204/1/1 201/2/1 205/14/1 208/15/1
f 199/5/2 200/6/2 201/7/2
f 202/8/3 203/9/3 204/10/3
f 205/16/6 206/17/6 207/18/6
f 208/19/7 209/20/7 210/21/7
f 201/2/4 204/1/4 203/11/4 199/5/4
f 207/18/8 209/22/8 208/15/8 205/14/8
f 200/12/5 206/23/5 205/14/5 201/2/5
f 210/21/9 202/8/9 204/1/9 208/15/9
f 216/1/1 213/2/1 217/14/1 220/15/1
f 211/5/2 212/6/2 213/7/2
f 214/8/3 215/9/3 216/10/3
f 217/16/6 218/17/6 219/18/6
f 220/19/7 221/20/7 222/21/7
f 213/2/4 216/1/4 215/11/4 211/5/4
f 219/18/8 221/22/8 220/15/8 217/14/8
f 212/12/5 218/23/5 217/14/5 213/2/5
f 222/21/9 214/8/9 216/1/9 220/15/9
f 228/1/1 225/2/1 229/14/1 232/15/1
f 223/5/2 224/6/2 225/7/2
f 226/8/3 227/9/3 228/10/3
f 229/16/6 230/17/6 231/18/6
f 232/19/7 233/20/7 234/21/7
f 225/2/4 228/1/4 227/11/4 223/5/4
f 231/18/8 233/22/8 232/15/8 229/14/8
f 224/12/5 230/23/5 229/14/5 225/2/5
f 234/21/9 226/8/9 228/1/9 232/15/9
f 240/1/1 237/2/1 241/14/1 244/15/1
f 235/5/2 236/6/2 237/7/2
f 238/8/3 239/9/3 240/10/3
f 241/16/6 242/17/6 243/18/6
f 244/19/7 245/20/7 246/21/7
f 237/2/4 240/1/4 239/11/4 235/5/4
f 243/18/8 245/22/8 244/15/8 241/14/8
f 236/12/5 242/23/5 241/14/5 237/2/5
f 246/21/9 238/8/9 240/1/9 244/15/9
f 252/1/1 249/2/1 253/14/1 256/15/1
f 247/5/2 248/6/2 249/7/2
f 250/8/3 251/9/3 252/10/3
f 253/16/6 254/17/6 255/18/6
f 256/19/7 257/20/7 258/21/7
f 249/2/4 252/1/4 251/11/4 247/5/4
f 255/18/8 257/22/8 256/15/8 253/14/8
f 248/12/5 254/23/5 253/14/5 249/2/5
f 258/21/9 250/8/9 252/1/9 256/15/9
f 264/1/1 261/2/1 265/14/1 268/15/1
f 259/5/2 260/6/2 261/7/2
f 262/8/3 263/9/3 264/10/3
f 265/16/6 266/17/6 267/18/6
f 268/19/7 269/20/7 270/21/7
f 261/2/4 264/1/4 263/11/4 259/5/4
f 267/18/8 269/22/8 268/15/8 265/14/8
f 260/12/5 266/23/5 265/14/5 261/2/5
f 270/21/9 262/8/9 264/1/9 268/15/9
f 276/1/1 273/2/1 277/14/1 280/15/1
f 271/5/2 272/6/2 273/7/2
f 274/8/3 275/9/3 276/10/3
f 277/16/6 278/17/6 279/18/6
f 280/19/7 281/20/7 282/21/7
f 273/2/4 276/1/4 275/11/4 271/5/4
f 279/18/8 281/22/8 280/15/8 277/14/8
f 272/12/5 278/23/5 277/14/5 273/2/5
f 282/21/9 274/8/9 276/1/9 280/15/9
f 288/1/1 285/2/1 289/14/1 292/15/1
f 283/5/2 284/6/2 285/7/2
f 286/8/3 287/9/3 288/10/3
f 289/16/6 290/17/6 291/18/6
f 292/19/7 293/20/7 294/21/7
f 285/2/4 288/1/4 287/11/4 283/5/4
f 291/18/8 293/22/8 292/15/8 289/14/8
f 284/12/5 290/23/5 289/14/5 285/2/5
f 294/21/9 286/8/9 288/1/9 292/15/9
f 300/1/1 297/2/1 301/14/1 304/15/1
f 295/5/2 296/6/2 297/7/2
f 298/8/3 299/9/3 300/10/3
f 301/16/6 302/17/6 303/18/6
f 304/19/7 305/20/7 306/21/7
f 297/2/4 300/1/4 299/11/4 295/5/4
f 303/18/8 305/22/8 304/15/8 301/14/8
f 296/12/5 302/23/5 301/14/5 297/2/5
f 306/21/9 298/8/9 300/1/9 304/15/9
f 312/1/1 309/2/1 313/14/1 316/15/1
f 307/5/2 308/6/2 309/7/2
f 310/8/3 311/9/3 312/10/3
f 313/16/6 314/17/6 315/18/6
f 316/19/7 317/20/7 318/21/7
f 309/2/4 312/1/4 311/11/4 307/5/4
f 315/18/8 317/22/8 316/15/8 313/14/8
f 308/12/5 314/23/5 313/14/5 309/2/5
f 318/21/9 310/8/9 312/1/9 316/15/9
f 319/16/6 320/17/6 321/18/6
f 322/19/7 323/20/7 324/21/7
f 321/18/8 323/22/8 322/15/8 319/14/8
f 324/21/9 1314/24/9 1976/25/9 322/15/9
f 330/1/1 327/2/1 2641/3/1 2630/4/1
f 325/5/2 326/6/2 327/7/2
f 328/8/3 329/9/3 330/10/3
f 327/2/4 330/1/4 329/11/4 325/5/4
f 326/12/5 2635/13/5 2641/3/5 327/2/5
f 336/1/1 333/2/1 337/14/1 340/15/1
f 331/5/2 332/6/2 333/7/2
f 334/8/3 335/9/3 336/10/3
f 337/16/6 338/17/6 339/18/6
f 340/19/7 341/20/7 342/21/7
f 333/2/4 336/1/4 335/11/4 331/5/4
f 339/18/8 341/22/8 340/15/8 337/14/8
f 332/12/5 338/23/5 337/14/5 333/2/5
f 342/21/9 334/8/9 336/1/9 340/15/9
f 348/1/1 345/2/1 349/14/1 352/15/1
f 343/5/2 344/6/2 345/7/2
f 346/8/3 347/9/3 348/10/3
f 349/16/6 350/17/6 351/18/6
f 352/19/7 353/20/7 354/21/7
f 345/2/4 348/1/4 347/11/4 343/5/4
f 351/18/8 353/22/8 352/15/8 349/14/8
f 344/12/5 350/23/5 349/14/5 345/2/5
f 354/21/9 346/8/9 348/1/9 352/15/9
f 360/1/1 357/2/1 361/14/1 364/15/1
f 355/5/2 356/6/2 357/7/2
f 358/8/3 359/9/3 360/10/3
f 361/16/6 362/17/6 363/18/6
f 364/19/7 365/20/7 366/21/7
f 357/2/4 360/1/4 359/11/4 355/5/4
f 363/18/8 365/22/8 364/15/8 361/14/8
f 356/12/5 362/23/5 361/14/5 357/2/5
f 366/21/9 358/8/9 360/1/9 364/15/9
f 372/1/1 369/2/1 373/14/1 376/15/1
f 367/5/2 368/6/2 369/7/2
f 370/8/3 371/9/3 372/10/3
f 373/16/6 374/17/6 375/18/6
f 376/19/7 377/20/7 378/21/7
f 369/2/4 372/1/4 371/11/4 367/5/4
f 375/18/8 377/22/8 376/15/8 373/14/8
f 368/12/5 374/23/5 373/14/5 369/2/5
f 378/21/9 370/8/9 372/1/9 376/15/9
f 384/1/1 381/2/1 385/14/1 388/15/1
f 379/5/2 380/6/2 381/7/2
f 382/8/3 383/9/3 384/10/3
f 385/16/6 386/17/6 387/18/6
f 388/19/7 389/20/7 390/21/7
f 381/2/4 384/1/4 383/11/4 379/5/4
f 387/18/8 389/22/8 388/15/8 385/14/8
f 380/12/5 386/23/5 385/14/5 381/2/5
f 390/21/9 382/8/9 384/1/9 388/15/9
f 396/1/1 393/2/1 397/14/1 400/15/1
f 391/5/2 392/6/2 393/7/2
f 394/8/3 395/9/3 396/10/3
f 397/16/6 398/17/6 399/18/6
f 400/19/7 401/20/7 402/21/7
f 393/2/4 396/1/4 395/11/4 391/5/4
f 399/18/8 401/22/8 400/15/8 397/14/8
f 392/12/5 398/23/5 397/14/5 393/2/5
f 402/21/9 394/8/9 396/1/9 400/15/9
f 408/1/1 405/2/1 409/14/1 412/15/1
f 403/5/2 404/6/2 405/7/2
f 406/8/3 407/9/3 408/10/3
f 409/16/6 410/17/6 411/18/6
f 412/19/7 413/20/7 414/21/7
f 405/2/4 408/1/4 407/11/4 403/5/4
f 411/18/8 413/22/8 412/15/8 409/14/8
f 404/12/5 410/23/5 409/14/5 405/2/5
f 414/21/9 406/8/9 408/1/9 412/15/9
f 420/1/1 417/2/1 421/14/1 424/15/1
f 415/5/2 416/6/2 417/7/2
f 418/8/3 419/9/3 420/10/3
f 421/16/6 422/17/6 423/18/6
f 424/19/7 425/20/7 426/21/7
f 417/2/4 420/1/4 419/11/4 415/5/4
f 423/18/8 425/22/8 424/15/8 421/14/8
f 416/12/5 422/23/5 421/14/5 417/2/5
f 426/21/9 418/8/9 420/1/9 424/15/9
f 432/1/1 429/2/1 433/14/1 436/15/1
f 427/5/2 428/6/2 429/7/2
f 430/8/3 431/9/3 432/10/3
f 433/16/6 434/17/6 435/18/6
f 436/19/7 437/20/7 438/21/7
f 429/2/4 432/1/4 431/11/4 427/5/4
f 435/18/8 437/22/8 436/15/8 433/14/8
f 428/12/5 434/23/5 433/14/5 429/2/5
f 438/21/9 430/8/9 432/1/9 436/15/9
f 444/1/1 441/2/1 445/14/1 448/15/1
f 439/5/2 440/6/2 441/7/2
f 442/8/3 443/9/3 444/10/3
f 445/16/6 446/17/6 447/18/6
f 448/19/7 449/20/7 450/21/7
f 441/2/4 444/1/4 443/11/4 439/5/4
f 447/18/8 449/22/8 448/15/8 445/14/8
f 440/12/5 446/23/5 445/14/5 441/2/5
f 450/21/9 442/8/9 444/1/9 448/15/9
f 456/1/1 453/2/1 457/14/1 460/15/1
f 451/5/2 452/6/2 453/7/2
f 454/8/3 455/9/3 456/10/3
f 457/16/6 458/17/6 459/18/6
f 460/19/7 461/20/7 462/21/7
f 453/2/4 456/1/4 455/11/4 451/5/4
f 459/18/8 461/22/8 460/15/8 457/14/8
f 452/12/5 458/23/5 457/14/5 453/2/5
f 462/21/9 454/8/9 456/1/9 460/15/9
f 468/1/1 465/2/1 469/14/1 472/15/1
f 463/5/2 464/6/2 465/7/2
f 466/8/3 467/9/3 468/10/3
f 469/16/6 470/17/6 471/18/6
f 472/19/7 473/20/7 474/21/7
f 465/2/4 468/1/4 467/11/4 463/5/4
f 471/18/8 473/22/8 472/15/8 469/14/8
f 464/12/5 470/23/5 469/14/5 465/2/5
f 474/21/9 466/8/9 468/1/9 472/15/9
f 480/1/1 477/2/1 481/14/1 484/15/1
f 475/5/2 476/6/2 477/7/2
f 478/8/3 479/9/3 480/10/3
f 481/16/6 482/17/6 483/18/6
f 484/19/7 485/20/7 486/21/7
f 477/2/4 480/1/4 479/11/4 475/5/4
f 483/18/8 485/22/8 484/15/8 481/14/8
f 476/12/5 482/23/5 481/14/5 477/2/5
f 486/21/9 478/8/9 480/1/9 484/15/9
f 492/1/1 489/2/1 493/14/1 496/15/1
f 487/5/2 488/6/2 489/7/2
f 490/8/3 491/9/3 492/10/3
f 493/16/6 494/17/6 495/18/6
f 496/19/7 497/20/7 498/21/7
f 489/2/4 492/1/4 491/11/4 487/5/4
f 495/18/8 497/22/8 496/15/8 493/14/8
f 488/12/5 494/23/5 493/14/5 489/2/5
f 498/21/9 490/8/9 492/1/9 496/15/9
f 504/1/1 501/2/1 505/14/1 508/15/1
f 499/5/2 500/6/2 501/7/2
f 502/8/3 503/9/3 504/10/3
f 505/16/6 506/17/6 507/18/6
f 508/19/7 509/20/7 510/21/7
f 501/2/4 504/1/4 503/11/4 499/5/4
f 507/18/8 509/22/8 508/15/8 505/14/8
f 500/12/5 506/23/5 505/14/5 501/2/5
f 510/21/9 502/8/9 504/1/9 508/15/9
f 516/1/1 513/2/1 517/14/1 520/15/1
f 511/5/2 512/6/2 513/7/2
f 514/8/3 515/9/3 516/10/3
f 517/16/6 518/17/6 519/18/6
f 520/19/7 521/20/7 522/21/7
f 513/2/4 516/1/4 515/11/4 511/5/4
f 519/18/8 521/22/8 520/15/8 517/14/8
f 512/12/5 518/23/5 517/14/5 513/2/5
f 522/21/9 514/8/9 516/1/9 520/15/9
f 528/1/1 525/2/1 529/14/1 532/15/1
f 523/5/2 524/6/2 525/7/2
f 526/8/3 527/9/3 528/10/3
f 529/16/6 530/17/6 531/18/6
f 532/19/7 533/20/7 534/21/7
f 525/2/4 528/1/4 527/11/4 523/5/4
f 531/18/8 533/22/8 532/15/8 529/14/8
f 524/12/5 530/23/5 529/14/5 525/2/5
f 534/21/9 526/8/9 528/1/9 532/15/9
f 540/1/1 537/2/1 541/14/1 544/15/1
f 535/5/2 536/6/2 537/7/2
f 538/8/3 539/9/3 540/10/3
f 541/16/6 542/17/6 543/18/6
f 544/19/7 545/20/7 546/21/7
f 537/2/4 540/1/4 539/11/4 535/5/4
f 543/18/8 545/22/8 544/15/8 541/14/8
f 536/12/5 542/23/5 541/14/5 537/2/5
f 546/21/9 538/8/9 540/1/9 544/15/9
f 552/1/1 549/2/1 553/14/1 556/15/1
f 547/5/2 548/6/2 549/7/2
f 550/8/3 551/9/3 552/10/3
f 553/16/6 554/17/6 555/18/6
f 556/19/7 557/20/7 558/21/7
f 549/2/4 552/1/4 551/11/4 547/5/4
f 555/18/8 557/22/8 556/15/8 553/14/8
f 548/12/5 554/23/5 553/14/5 549/2/5
f 558/21/9 550/8/9 552/1/9 556/15/9
f 564/1/1 561/2/1 565/14/1 568/15/1
f 559/5/2 560/6/2 561/7/2
f 562/8/3 563/9/3 564/10/3
f 565/16/6 566/17/6 567/18/6
f 568/19/7 569/20/7 570/21/7
f 561/2/4 564/1/4 563/11/4 559/5/4
f 567/18/8 569/22/8 568/15/8 565/14/8
f 560/12/5 566/23/5 565/14/5 561/2/5
f 570/21/9 562/8/9 564/1/9 568/15/9
f 576/1/1 573/2/1 577/14/1 580/15/1
f 571/5/2 572/6/2 573/7/2
f 574/8/3 575/9/3 576/10/3
f 577/16/6 578/17/6 579/18/6
f 580/19/7 581/20/7 582/21/7
f 573/2/4 576/1/4 575/11/4 571/5/4
f 579/18/8 581/22/8 580/15/8 577/14/8
f 572/12/5 578/23/5 577/14/5 573/2/5
f 582/21/9 574/8/9 576/1/9 580/15/9
f 588/1/1 585/2/1 589/14/1 592/15/1
f 583/5/2 584/6/2 585/7/2
f 586/8/3 587/9/3 588/10/3
f 589/16/6 590/17/6 591/18/6
f 592/19/7 593/20/7 594/21/7
f 585/2/4 588/1/4 587/11/4 583/5/4
f 591/18/8 593/22/8 592/15/8 589/14/8
f 584/12/5 590/23/5 589/14/5 585/2/5
f 594/21/9 586/8/9 588/1/9 592/15/9
f 600/1/1 597/2/1 601/14/1 604/15/1
f 595/5/2 596/6/2 597/7/2
f 598/8/3 599/9/3 600/10/3
f 601/16/6 602/17/6 603/18/6
f 604/19/7 605/20/7 606/21/7
f 597/2/4 600/1/4 599/11/4 595/5/4
f 603/18/8 605/22/8 604/15/8 601/14/8
f 596/12/5 602/23/5 601/14/5 597/2/5
f 606/21/9 598/8/9 600/1/9 604/15/9
f 612/1/1 609/2/1 613/14/1 616/15/1
f 607/5/2 608/6/2 609/7/2
f 610/8/3 611/9/3 612/10/3
f 613/16/6 614/17/6 615/18/6
f 616/19/7 617/20/7 618/21/7
f 609/2/4 612/1/4 611/11/4 607/5/4
f 615/18/8 617/22/8 616/15/8 613/14/8
f 608/12/5 614/23/5 613/14/5 609/2/5
f 618/21/9 610/8/9 612/1/9 616/15/9
f 624/1/1 621/2/1 625/14/1 628/15/1
f 619/5/2 620/6/2 621/7/2
f 622/8/3 623/9/3 624/10/3
f 625/16/6 626/17/6 627/18/6
f 628/19/7 629/20/7 630/21/7
f 621/2/4 624/1/4 623/11/4 619/5/4
f 627/18/8 629/22/8 628/15/8 625/14/8
f 620/12/5 626/23/5 625/14/5 621/2/5
f 630/21/9 622/8/9 624/1/9 628/15/9
f 636/1/1 633/2/1 637/14/1 640/15/1
f 631/5/2 632/6/2 633/7/2
f 634/8/3 635/9/3 636/10/3
f 637/16/6 638/17/6 639/18/6
f 640/19/7 641/20/7 642/21/7
f 633/2/4 636/1/4 635/11/4 631/5/4
f 639/18/8 641/22/8 640/15/8 637/14/8
f 632/12/5 638/23/5 637/14/5 633/2/5
f 642/21/9 634/8/9 636/1/9 640/15/9
f 643/16/6 644/17/6 645/18/6
f 646/19/7 647/20/7 648/21/7
f 645/18/8 647/22/8 646/15/8 643/14/8
f 648/21/9 1311/24/9 985/25/9 646/15/9
f 654/1/1 651/2/1 2644/3/1 2633/4/1
f 649/5/2 650/6/2 651/7/2
f 652/8/3 653/9/3 654/10/3
f 651/2/4 654/1/4 653/11/4 649/5/4
f 650/12/5 2626/13/5 2644/3/5 651/2/5
f 662/1/1 659/2/1 663/14/1 666/15/1
f 657/5/2 658/6/2 659/7/2
f 660/8/3 661/9/3 662/10/3
f 663/16/6 664/17/6 665/18/6
f 666/19/7 667/20/7 668/21/7
f 659/2/4 662/1/4 661/11/4 657/5/4
f 665/18/8 667/22/8 666/15/8 663/14/8
f 658/12/5 664/23/5 663/14/5 659/2/5
f 668/21/9 660/8/9 662/1/9 666/15/9
f 674/1/1 671/2/1 675/14/1 678/15/1
f 669/5/2 670/6/2 671/7/2
f 672/8/3 673/9/3 674/10/3
f 675/16/6 676/17/6 677/18/6
f 678/19/7 679/20/7 680/21/7
f 671/2/4 674/1/4 673/11/4 669/5/4
f 677/18/8 679/22/8 678/15/8 675/14/8
f 670/12/10 676/23/10 675/14/10 671/2/10
f 680/21/9 672/8/9 674/1/9 678/15/9
f 686/1/1 683/2/1 687/14/1 690/15/1
f 681/5/2 682/6/2 683/7/2
f 684/8/3 685/9/3 686/10/3
f 687/16/6 688/17/6 689/18/6
f 690/19/7 691/20/7 692/21/7
f 683/2/4 686/1/4 685/11/4 681/5/4
f 689/18/8 691/22/8 690/15/8 687/14/8
f 682/12/10 688/23/10 687/14/10 683/2/10
f 692/21/9 684/8/9 686/1/9 690/15/9
f 698/1/1 695/2/1 699/14/1 702/15/1
f 693/5/2 694/6/2 695/7/2
f 696/8/3 697/9/3 698/10/3
f 699/16/6 700/17/6 701/18/6
f 702/19/7 703/20/7 704/21/7
f 695/2/4 698/1/4 697/11/4 693/5/4
f 701/18/8 703/22/8 702/15/8 699/14/8
f 694/12/5 700/23/5 699/14/5 695/2/5
f 704/21/9 696/8/9 698/1/9 702/15/9
f 710/1/1 707/2/1 711/14/1 714/15/1
f 705/5/2 706/6/2 707/7/2
f 708/8/3 709/9/3 710/10/3
f 711/16/6 712/17/6 713/18/6
f 714/19/7 715/20/7 716/21/7
f 707/2/4 710/1/4 709/11/4 705/5/4
f 713/18/8 715/22/8 714/15/8 711/14/8
f 706/12/5 712/23/5 711/14/5 707/2/5
f 716/21/9 708/8/9 710/1/9 714/15/9
f 722/1/1 719/2/1 723/14/1 726/15/1
f 717/5/2 718/6/2 719/7/2
f 720/8/3 721/9/3 722/10/3
f 723/16/6 724/17/6 725/18/6
f 726/19/7 727/20/7 728/21/7
f 719/2/4 722/1/4 721/11/4 717/5/4
f 725/18/8 727/22/8 726/15/8 723/14/8
f 718/12/5 724/23/5 723/14/5 719/2/5
f 728/21/9 720/8/9 722/1/9 726/15/9
f 734/1/1 731/2/1 735/14/1 738/15/1
f 729/5/2 730/6/2 731/7/2
f 732/8/3 733/9/3 734/10/3
f 735/16/6 736/17/6 737/18/6
f 738/19/7 739/20/7 740/21/7
f 731/2/4 734/1/4 733/11/4 729/5/4
f 737/18/8 739/22/8 738/15/8 735/14/8
f 730/12/5 736/23/5 735/14/5 731/2/5
f 740/21/9 732/8/9 734/1/9 738/15/9
f 746/1/1 743/2/1 747/14/1 750/15/1
f 741/5/2 742/6/2 743/7/2
f 744/8/3 745/9/3 746/10/3
f 747/16/6 748/17/6 749/18/6
f 750/19/7 751/20/7 752/21/7
f 743/2/4 746/1/4 745/11/4 741/5/4
f 749/18/8 751/22/8 750/15/8 747/14/8
f 742/12/10 748/23/10 747/14/10 743/2/10
f 752/21/9 744/8/9 746/1/9 750/15/9
f 758/1/1 755/2/1 759/14/1 762/15/1
f 753/5/2 754/6/2 755/7/2
f 756/8/3 757/9/3 758/10/3
f 759/16/6 760/17/6 761/18/6
f 762/19/7 763/20/7 764/21/7
f 755/2/4 758/1/4 757/11/4 753/5/4
f 761/18/8 763/22/8 762/15/8 759/14/8
f 754/12/5 760/23/5 759/14/5 755/2/5
f 764/21/9 756/8/9 758/1/9 762/15/9
f 770/1/1 767/2/1 771/14/1 774/15/1
f 765/5/2 766/6/2 767/7/2
f 768/8/3 769/9/3 770/10/3
f 771/16/6 772/17/6 773/18/6
f 774/19/7 775/20/7 776/21/7
f 767/2/4 770/1/4 769/11/4 765/5/4
f 773/18/8 775/22/8 774/15/8 771/14/8
f 766/12/5 772/23/5 771/14/5 767/2/5
f 776/21/9 768/8/9 770/1/9 774/15/9
f 782/1/1 779/2/1 783/14/1 786/15/1
f 777/5/2 778/6/2 779/7/2
f 780/8/3 781/9/3 782/10/3
f 783/16/6 784/17/6 785/18/6
f 786/19/7 787/20/7 788/21/7
f 779/2/4 782/1/4 781/11/4 777/5/4
f 785/18/8 787/22/8 786/15/8 783/14/8
f 778/12/5 784/23/5 783/14/5 779/2/5
f 788/21/9 780/8/9 782/1/9 786/15/9
f 794/1/1 791/2/1 795/14/1 798/15/1
f 789/5/2 790/6/2 791/7/2
f 792/8/3 793/9/3 794/10/3
f 795/16/6 796/17/6 797/18/6
f 798/19/7 799/20/7 800/21/7
f 791/2/4 794/1/4 793/11/4 789/5/4
f 797/18/8 799/22/8 798/15/8 795/14/8
f 790/12/5 796/23/5 795/14/5 791/2/5
f 800/21/9 792/8/9 794/1/9 798/15/9
f 806/1/1 803/2/1 807/14/1 810/15/1
f 801/5/2 802/6/2 803/7/2
f 804/8/3 805/9/3 806/10/3
f 807/16/6 808/17/6 809/18/6
f 810/19/7 811/20/7 812/21/7
f 803/2/4 806/1/4 805/11/4 801/5/4
f 809/18/8 811/22/8 810/15/8 807/14/8
f 802/12/5 808/23/5 807/14/5 803/2/5
f 812/21/9 804/8/9 806/1/9 810/15/9
f 818/1/1 815/2/1 819/14/1 822/15/1
f 813/5/2 814/6/2 815/7/2
f 816/8/3 817/9/3 818/10/3
f 819/16/6 820/17/6 821/18/6
f 822/19/7 823/20/7 824/21/7
f 815/2/4 818/1/4 817/11/4 813/5/4
f 821/18/8 823/22/8 822/15/8 819/14/8
f 814/12/5 820/23/5 819/14/5 815/2/5
f 824/21/9 816/8/9 818/1/9 822/15/9
f 830/1/1 827/2/1 831/14/1 834/15/1
f 825/5/2 826/6/2 827/7/2
f 828/8/3 829/9/3 830/10/3
f 831/16/6 832/17/6 833/18/6
f 834/19/7 835/20/7 836/21/7
f 827/2/4 830/1/4 829/11/4 825/5/4
f 833/18/8 835/22/8 834/15/8 831/14/8
f 826/12/5 832/23/5 831/14/5 827/2/5
f 836/21/9 828/8/9 830/1/9 834/15/9
f 842/1/1 839/2/1 843/14/1 846/15/1
f 837/5/2 838/6/2 839/7/2
f 840/8/3 841/9/3 842/10/3
f 843/16/6 844/17/6 845/18/6
f 846/19/7 847/20/7 848/21/7
f 839/2/4 842/1/4 841/11/4 837/5/4
f 845/18/8 847/22/8 846/15/8 843/14/8
f 838/12/5 844/23/5 843/14/5 839/2/5
f 848/21/9 840/8/9 842/1/9 846/15/9
f 854/1/1 851/2/1 855/14/1 858/15/1
f 849/5/2 850/6/2 851/7/2
f 852/8/3 853/9/3 854/10/3
f 855/16/6 856/17/6 857/18/6
f 858/19/7 859/20/7 860/21/7
f 851/2/4 854/1/4 853/11/4 849/5/4
f 857/18/8 859/22/8 858/15/8 855/14/8
f 850/12/5 856/23/5 855/14/5 851/2/5
f 860/21/9 852/8/9 854/1/9 858/15/9
f 866/1/1 863/2/1 867/14/1 870/15/1
f 861/5/2 862/6/2 863/7/2
f 864/8/3 865/9/3 866/10/3
f 867/16/6 868/17/6 869/18/6
f 870/19/7 871/20/7 872/21/7
f 863/2/4 866/1/4 865/11/4 861/5/4
f 869/18/8 871/22/8 870/15/8 867/14/8
f 862/12/5 868/23/5 867/14/5 863/2/5
f 872/21/9 864/8/9 866/1/9 870/15/9
f 878/1/1 875/2/1 879/14/1 882/15/1
f 873/5/2 874/6/2 875/7/2
f 876/8/3 877/9/3 878/10/3
f 879/16/6 880/17/6 881/18/6
f 882/19/7 883/20/7 884/21/7
f 875/2/4 878/1/4 877/11/4 873/5/4
f 881/18/8 883/22/8 882/15/8 879/14/8
f 874/12/5 880/23/5 879/14/5 875/2/5
f 884/21/9 876/8/9 878/1/9 882/15/9
f 890/1/1 887/2/1 891/14/1 894/15/1
f 885/5/2 886/6/2 887/7/2
f 888/8/3 889/9/3 890/10/3
f 891/16/6 892/17/6 893/18/6
f 894/19/7 895/20/7 896/21/7
f 887/2/4 890/1/4 889/11/4 885/5/4
f 893/18/8 895/22/8 894/15/8 891/14/8
f 886/12/5 892/23/5 891/14/5 887/2/5
f 896/21/9 888/8/9 890/1/9 894/15/9
f 902/1/1 899/2/1 903/14/1 906/15/1
f 897/5/2 898/6/2 899/7/2
f 900/8/3 901/9/3 902/10/3
f 903/16/6 904/17/6 905/18/6
f 906/19/7 907/20/7 908/21/7
f 899/2/4 902/1/4 901/11/4 897/5/4
f 905/18/8 907/22/8 906/15/8 903/14/8
f 898/12/5 904/23/5 903/14/5 899/2/5
f 908/21/9 900/8/9 902/1/9 906/15/9
f 914/1/1 911/2/1 915/14/1 918/15/1
f 909/5/2 910/6/2 911/7/2
f 912/8/3 913/9/3 914/10/3
f 915/16/6 916/17/6 917/18/6
f 918/19/7 919/20/7 920/21/7
f 911/2/4 914/1/4 913/11/4 909/5/4
f 917/18/8 919/22/8 918/15/8 915/14/8
f 910/12/5 916/23/5 915/14/5 911/2/5
f 920/21/9 912/8/9 914/1/9 918/15/9
f 926/1/1 923/2/1 927/14/1 930/15/1
f 921/5/2 922/6/2 923/7/2
f 924/8/3 925/9/3 926/10/3
f 927/16/6 928/17/6 929/18/6
f 930/19/7 931/20/7 932/21/7
f 923/2/4 926/1/4 925/11/4 921/5/4
f 929/18/8 931/22/8 930/15/8 927/14/8
f 922/12/5 928/23/5 927/14/5 923/2/5
f 932/21/9 924/8/9 926/1/9 930/15/9
f 938/1/1 935/2/1 939/14/1 942/15/1
f 933/5/2 934/6/2 935/7/2
f 936/8/3 937/9/3 938/10/3
f 939/16/6 940/17/6 941/18/6
f 942/19/7 943/20/7 944/21/7
f 935/2/4 938/1/4 937/11/4 933/5/4
f 941/18/8 943/22/8 942/15/8 939/14/8
f 934/12/5 940/23/5 939/14/5 935/2/5
f 944/21/9 936/8/9 938/1/9 942/15/9
f 950/1/1 947/2/1 951/14/1 954/15/1
f 945/5/2 946/6/2 947/7/2
f 948/8/3 949/9/3 950/10/3
f 951/16/6 952/17/6 953/18/6
f 954/19/7 955/20/7 956/21/7
f 947/2/4 950/1/4 949/11/4 945/5/4
f 953/18/8 955/22/8 954/15/8 951/14/8
f 946/12/5 952/23/5 951/14/5 947/2/5
f 956/21/9 948/8/9 950/1/9 954/15/9
f 962/1/1 959/2/1 963/14/1 966/15/1
f 957/5/2 958/6/2 959/7/2
f 960/8/3 961/9/3 962/10/3
f 963/16/6 964/17/6 965/18/6
f 966/19/7 967/20/7 968/21/7
f 959/2/4 962/1/4 961/11/4 957/5/4
f 965/18/8 967/22/8 966/15/8 963/14/8
f 958/12/5 964/23/5 963/14/5 959/2/5
f 968/21/9 960/8/9 962/1/9 966/15/9
f 969/16/6 970/17/6 971/18/6
f 972/19/7 973/20/7 974/21/7
f 971/18/8 973/22/8 972/15/8 969/14/8
f 974/21/9 1975/24/9 1974/25/9 972/15/9
f 980/1/1 977/2/1 2649/3/1 2636/4/1
f 975/5/2 976/6/2 977/7/2
f 978/8/3 979/9/3 980/10/3
f 977/2/4 980/1/4 979/11/4 975/5/4
f 976/12/5 2645/13/5 2649/3/5 977/2/5
f 992/1/1 989/2/1 993/14/1 996/15/1
f 987/5/2 988/6/2 989/7/2
f 990/8/3 991/9/3 992/10/3
f 993/16/6 994/17/6 995/18/6
f 996/19/7 997/20/7 998/21/7
f 989/2/4 992/1/4 991/11/4 987/5/4
f 995/18/8 997/22/8 996/15/8 993/14/8
f 988/12/5 994/23/5 993/14/5 989/2/5
f 998/21/9 990/8/9 992/1/9 996/15/9
f 1004/1/1 1001/2/1 1005/14/1 1008/15/1
f 999/5/2 1000/6/2 1001/7/2
f 1002/8/3 1003/9/3 1004/10/3
f 1005/16/6 1006/17/6 1007/18/6
f 1008/19/7 1009/20/7 1010/21/7
f 1001/2/4 1004/1/4 1003/11/4 999/5/4
f 1007/18/8 1009/22/8 1008/15/8 1005/14/8
f 1000/12/5 1006/23/5 1005/14/5 1001/2/5
f 1010/21/9 1002/8/9 1004/1/9 1008/15/9
f 1016/1/1 1013/2/1 1017/14/1 1020/15/1
f 1011/5/2 1012/6/2 1013/7/2
f 1014/8/3 1015/9/3 1016/10/3
f 1017/16/6 1018/17/6 1019/18/6
f 1020/19/7 1021/20/7 1022/21/7
f 1013/2/4 1016/1/4 1015/11/4 1011/5/4
f 1019/18/8 1021/22/8 1020/15/8 1017/14/8
f 1012/12/5 1018/23/5 1017/14/5 1013/2/5
f 1022/21/9 1014/8/9 1016/1/9 1020/15/9
f 1028/1/1 1025/2/1 1029/14/1 1032/15/1
f 1023/5/2 1024/6/2 1025/7/2
f 1026/8/3 1027/9/3 1028/10/3
f 1029/16/6 1030/17/6 1031/18/6
f 1032/19/7 1033/20/7 1034/21/7
f 1025/2/4 1028/1/4 1027/11/4 1023/5/4
f 1031/18/8 1033/22/8 1032/15/8 1029/14/8
f 1024/12/5 1030/23/5 1029/14/5 1025/2/5
f 1034/21/9 1026/8/9 1028/1/9 1032/15/9
f 1040/1/1 1037/2/1 1041/14/1 1044/15/1
f 1035/5/2 1036/6/2 1037/7/2
f 1038/8/3 1039/9/3 1040/10/3
f 1041/16/6 1042/17/6 1043/18/6
f 1044/19/7 1045/20/7 1046/21/7
f 1037/2/4 1040/1/4 1039/11/4 1035/5/4
f 1043/18/8 1045/22/8 1044/15/8 1041/14/8
f 1036/12/5 1042/23/5 1041/14/5 1037/2/5
f 1046/21/9 1038/8/9 1040/1/9 1044/15/9
f 1052/1/1 1049/2/1 1053/14/1 1056/15/1
f 1047/5/2 1048/6/2 1049/7/2
f 1050/8/3 1051/9/3 1052/10/3
f 1053/16/6 1054/17/6 1055/18/6
f 1056/19/7 1057/20/7 1058/21/7
f 1049/2/4 1052/1/4 1051/11/4 1047/5/4
f 1055/18/8 1057/22/8 1056/15/8 1053/14/8
f 1048/12/5 1054/23/5 1053/14/5 1049/2/5
f 1058/21/9 1050/8/9 1052/1/9 1056/15/9
f 1064/1/1 1061/2/1 1065/14/1 1068/15/1
f 1059/5/2 1060/6/2 1061/7/2
f 1062/8/3 1063/9/3 1064/10/3
f 1065/16/6 1066/17/6 1067/18/6
f 1068/19/7 1069/20/7 1070/21/7
f 1061/2/4 1064/1/4 1063/11/4 1059/5/4
f 1067/18/8 1069/22/8 1068/15/8 1065/14/8
f 1060/12/5 1066/23/5 1065/14/5 1061/2/5
f 1070/21/9 1062/8/9 1064/1/9 1068/15/9
f 1076/1/1 1073/2/1 1077/14/1 1080/15/1
f 1071/5/2 1072/6/2 1073/7/2
f 1074/8/3 1075/9/3 1076/10/3
f 1077/16/6 1078/17/6 1079/18/6
f 1080/19/7 1081/20/7 1082/21/7
f 1073/2/4 1076/1/4 1075/11/4 1071/5/4
f 1079/18/8 1081/22/8 1080/15/8 1077/14/8
f 1072/12/5 1078/23/5 1077/14/5 1073/2/5
f 1082/21/9 1074/8/9 1076/1/9 1080/15/9
f 1088/1/1 1085/2/1 1089/14/1 1092/15/1
f 1083/5/2 1084/6/2 1085/7/2
f 1086/8/3 1087/9/3 1088/10/3
f 1089/16/6 1090/17/6 1091/18/6
f 1092/19/7 1093/20/7 1094/21/7
f 1085/2/4 1088/1/4 1087/11/4 1083/5/4
f 1091/18/8 1093/22/8 1092/15/8 1089/14/8
f 1084/12/5 1090/23/5 1089/14/5 1085/2/5
f 1094/21/9 1086/8/9 1088/1/9 1092/15/9
f 1100/1/1 1097/2/1 1101/14/1 1104/15/1
f 1095/5/2 1096/6/2 1097/7/2
f 1098/8/3 1099/9/3 1100/10/3
f 1101/16/6 1102/17/6 1103/18/6
f 1104/19/7 1105/20/7 1106/21/7
f 1097/2/4 1100/1/4 1099/11/4 1095/5/4
f 1103/18/8 1105/22/8 1104/15/8 1101/14/8
f 1096/12/5 1102/23/5 1101/14/5 1097/2/5
f 1106/21/9 1098/8/9 1100/1/9 1104/15/9
f 1112/1/1 1109/2/1 1113/14/1 1116/15/1
f 1107/5/2 1108/6/2 1109/7/2
f 1110/8/3 1111/9/3 1112/10/3
f 1113/16/6 1114/17/6 1115/18/6
f 1116/19/7 1117/20/7 1118/21/7
f 1109/2/4 1112/1/4 1111/11/4 1107/5/4
f 1115/18/8 1117/22/8 1116/15/8 1113/14/8
f 1108/12/5 1114/23/5 1113/14/5 1109/2/5
f 1118/21/9 1110/8/9 1112/1/9 1116/15/9
f 1124/1/1 1121/2/1 1125/14/1 1128/15/1
f 1119/5/2 1120/6/2 1121/7/2
f 1122/8/3 1123/9/3 1124/10/3
f 1125/16/6 1126/17/6 1127/18/6
f 1128/19/7 1129/20/7 1130/21/7
f 1121/2/4 1124/1/4 1123/11/4 1119/5/4
f 1127/18/8 1129/22/8 1128/15/8 1125/14/8
f 1120/12/5 1126/23/5 1125/14/5 1121/2/5
f 1130/21/9 1122/8/9 1124/1/9 1128/15/9
f 1136/1/1 1133/2/1 1137/14/1 1140/15/1
f 1131/5/2 1132/6/2 1133/7/2
f 1134/8/3 1135/9/3 1136/10/3
f 1137/16/6 1138/17/6 1139/18/6
f 1140/19/7 1141/20/7 1142/21/7
f 1133/2/4 1136/1/4 1135/11/4 1131/5/4
f 1139/18/8 1141/22/8 1140/15/8 1137/14/8
f 1132/12/5 1138/23/5 1137/14/5 1133/2/5
f 1142/21/9 1134/8/9 1136/1/9 1140/15/9
f 1148/1/1 1145/2/1 1149/14/1 1152/15/1
f 1143/5/2 1144/6/2 1145/7/2
f 1146/8/3 1147/9/3 1148/10/3
f 1149/16/6 1150/17/6 1151/18/6
f 1152/19/7 1153/20/7 1154/21/7
f 1145/2/4 1148/1/4 1147/11/4 1143/5/4
f 1151/18/8 1153/22/8 1152/15/8 1149/14/8
f 1144/12/5 1150/23/5 1149/14/5 1145/2/5
f 1154/21/9 1146/8/9 1148/1/9 1152/15/9
f 1160/1/1 1157/2/1 1161/14/1 1164/15/1
f 1155/5/2 1156/6/2 1157/7/2
f 1158/8/3 1159/9/3 1160/10/3
f 1161/16/6 1162/17/6 1163/18/6
f 1164/19/7 1165/20/7 1166/21/7
f 1157/2/4 1160/1/4 1159/11/4 1155/5/4
f 1163/18/8 1165/22/8 1164/15/8 1161/14/8
f 1156/12/5 1162/23/5 1161/14/5 1157/2/5
f 1166/21/9 1158/8/9 1160/1/9 1164/15/9
f 1172/1/1 1169/2/1 1173/14/1 1176/15/1
f 1167/5/2 1168/6/2 1169/7/2
f 1170/8/3 1171/9/3 1172/10/3
f 1173/16/6 1174/17/6 1175/18/6
f 1176/19/7 1177/20/7 1178/21/7
f 1169/2/4 1172/1/4 1171/11/4 1167/5/4
f 1175/18/8 1177/22/8 1176/15/8 1173/14/8
f 1168/12/5 1174/23/5 1173/14/5 1169/2/5
f 1178/21/9 1170/8/9 1172/1/9 1176/15/9
f 1184/1/1 1181/2/1 1185/14/1 1188/15/1
f 1179/5/2 1180/6/2 1181/7/2
f 1182/8/3 1183/9/3 1184/10/3
f 1185/16/6 1186/17/6 1187/18/6
f 1188/19/7 1189/20/7 1190/21/7
f 1181/2/4 1184/1/4 1183/11/4 1179/5/4
f 1187/18/8 1189/22/8 1188/15/8 1185/14/8
f 1180/12/5 1186/23/5 1185/14/5 1181/2/5
f 1190/21/9 1182/8/9 1184/1/9 1188/15/9
f 1196/1/1 1193/2/1 1197/14/1 1200/15/1
f 1191/5/2 1192/6/2 1193/7/2
f 1194/8/3 1195/9/3 1196/10/3
f 1197/16/6 1198/17/6 1199/18/6
f 1200/19/7 1201/20/7 1202/21/7
f 1193/2/4 1196/1/4 1195/11/4 1191/5/4
f 1199/18/8 1201/22/8 1200/15/8 1197/14/8
f 1192/12/5 1198/23/5 1197/14/5 1193/2/5
f 1202/21/9 1194/8/9 1196/1/9 1200/15/9
f 1208/1/1 1205/2/1 1209/14/1 1212/15/1
f 1203/5/2 1204/6/2 1205/7/2
f 1206/8/3 1207/9/3 1208/10/3
f 1209/16/6 1210/17/6 1211/18/6
f 1212/19/7 1213/20/7 1214/21/7
f 1205/2/4 1208/1/4 1207/11/4 1203/5/4
f 1211/18/8 1213/22/8 1212/15/8 1209/14/8
f 1204/12/5 1210/23/5 1209/14/5 1205/2/5
f 1214/21/9 1206/8/9 1208/1/9 1212/15/9
f 1220/1/1 1217/2/1 1221/14/1 1224/15/1
f 1215/5/2 1216/6/2 1217/7/2
f 1218/8/3 1219/9/3 1220/10/3
f 1221/16/6 1222/17/6 1223/18/6
f 1224/19/7 1225/20/7 1226/21/7
f 1217/2/4 1220/1/4 1219/11/4 1215/5/4
f 1223/18/8 1225/22/8 1224/15/8 1221/14/8
f 1216/12/5 1222/23/5 1221/14/5 1217/2/5
f 1226/21/9 1218/8/9 1220/1/9 1224/15/9
f 1232/1/1 1229/2/1 1233/14/1 1236/15/1
f 1227/5/2 1228/6/2 1229/7/2
f 1230/8/3 1231/9/3 1232/10/3
f 1233/16/6 1234/17/6 1235/18/6
f 1236/19/7 1237/20/7 1238/21/7
f 1229/2/4 1232/1/4 1231/11/4 1227/5/4
f 1235/18/8 1237/22/8 1236/15/8 1233/14/8
f 1228/12/5 1234/23/5 1233/14/5 1229/2/5
f 1238/21/9 1230/8/9 1232/1/9 1236/15/9
f 1244/1/1 1241/2/1 1245/14/1 1248/15/1
f 1239/5/2 1240/6/2 1241/7/2
f 1242/8/3 1243/9/3 1244/10/3
f 1245/16/6 1246/17/6 1247/18/6
f 1248/19/7 1249/20/7 1250/21/7
f 1241/2/4 1244/1/4 1243/11/4 1239/5/4
f 1247/18/8 1249/22/8 1248/15/8 1245/14/8
f 1240/12/5 1246/23/5 1245/14/5 1241/2/5
f 1250/21/9 1242/8/9 1244/1/9 1248/15/9
f 1256/1/1 1253/2/1 1257/14/1 1260/15/1
f 1251/5/2 1252/6/2 1253/7/2
f 1254/8/3 1255/9/3 1256/10/3
f 1257/16/6 1258/17/6 1259/18/6
f 1260/19/7 1261/20/7 1262/21/7
f 1253/2/4 1256/1/4 1255/11/4 1251/5/4
f 1259/18/8 1261/22/8 1260/15/8 1257/14/8
f 1252/12/5 1258/23/5 1257/14/5 1253/2/5
f 1262/21/9 1254/8/9 1256/1/9 1260/15/9
f 1268/1/1 1265/2/1 1269/14/1 1272/15/1
f 1263/5/2 1264/6/2 1265/7/2
f 1266/8/3 1267/9/3 1268/10/3
f 1269/16/6 1270/17/6 1271/18/6
f 1272/19/7 1273/20/7 1274/21/7
f 1265/2/4 1268/1/4 1267/11/4 1263/5/4
f 1271/18/8 1273/22/8 1272/15/8 1269/14/8
f 1264/12/5 1270/23/5 1269/14/5 1265/2/5
f 1274/21/9 1266/8/9 1268/1/9 1272/15/9
f 1280/1/1 1277/2/1 1281/14/1 1284/15/1
f 1275/5/2 1276/6/2 1277/7/2
f 1278/8/3 1279/9/3 1280/10/3
f 1281/16/6 1282/17/6 1283/18/6
f 1284/19/7 1285/20/7 1286/21/7
f 1277/2/4 1280/1/4 1279/11/4 1275/5/4
f 1283/18/8 1285/22/8 1284/15/8 1281/14/8
f 1276/12/5 1282/23/5 1281/14/5 1277/2/5
f 1286/21/9 1278/8/9 1280/1/9 1284/15/9
f 1292/1/1 1289/2/1 1293/14/1 1296/15/1
f 1287/5/2 1288/6/2 1289/7/2
f 1290/8/3 1291/9/3 1292/10/3
f 1293/16/6 1294/17/6 1295/18/6
f 1296/19/7 1297/20/7 1298/21/7
f 1289/2/4 1292/1/4 1291/11/4 1287/5/4
f 1295/18/8 1297/22/8 1296/15/8 1293/14/8
f 1288/12/5 1294/23/5 1293/14/5 1289/2/5
f 1298/21/9 1290/8/9 1292/1/9 1296/15/9
f 1299/16/6 1300/17/6 1301/18/6
f 1302/19/7 1303/20/7 1304/21/7
f 1301/18/8 1303/22/8 1302/15/8 1299/14/8
f 1304/21/9 984/24/9 982/25/9 1302/15/9
f 1310/1/1 1307/2/1 2650/3/1 2639/4/1
f 1305/5/2 1306/6/2 1307/7/2
f 1308/8/3 1309/9/3 1310/10/3
f 1307/2/4 1310/1/4 1309/11/4 1305/5/4
f 985/25/1 1644/26/1 643/14/1 646/15/1
f 982/25/1 1642/26/1 1299/14/1 1302/15/1
f 1306/12/5 2648/13/5 2650/3/5 1307/2/5
f 1323/1/1 1320/2/1 1324/14/1 1327/15/1
f 1318/5/2 1319/6/2 1320/7/2
f 1321/8/3 1322/9/3 1323/10/3
f 1324/16/6 1325/17/6 1326/18/6
f 1327/19/7 1328/20/7 1329/21/7
f 1320/2/4 1323/1/4 1322/11/4 1318/5/4
f 1326/18/8 1328/22/8 1327/15/8 1324/14/8
f 1319/12/5 1325/23/5 1324/14/5 1320/2/5
f 1329/21/9 1321/8/9 1323/1/9 1327/15/9
f 1335/1/1 1332/2/1 1336/14/1 1339/15/1
f 1330/5/2 1331/6/2 1332/7/2
f 1333/8/3 1334/9/3 1335/10/3
f 1336/16/6 1337/17/6 1338/18/6
f 1339/19/7 1340/20/7 1341/21/7
f 1332/2/4 1335/1/4 1334/11/4 1330/5/4
f 1338/18/8 1340/22/8 1339/15/8 1336/14/8
f 1331/12/5 1337/23/5 1336/14/5 1332/2/5
f 1341/21/9 1333/8/9 1335/1/9 1339/15/9
f 1347/1/1 1344/2/1 1348/14/1 1351/15/1
f 1342/5/2 1343/6/2 1344/7/2
f 1345/8/3 1346/9/3 1347/10/3
f 1348/16/6 1349/17/6 1350/18/6
f 1351/19/7 1352/20/7 1353/21/7
f 1344/2/4 1347/1/4 1346/11/4 1342/5/4
f 1350/18/8 1352/22/8 1351/15/8 1348/14/8
f 1343/12/5 1349/23/5 1348/14/5 1344/2/5
f 1353/21/9 1345/8/9 1347/1/9 1351/15/9
f 1359/1/1 1356/2/1 1360/14/1 1363/15/1
f 1354/5/2 1355/6/2 1356/7/2
f 1357/8/3 1358/9/3 1359/10/3
f 1360/16/6 1361/17/6 1362/18/6
f 1363/19/7 1364/20/7 1365/21/7
f 1356/2/4 1359/1/4 1358/11/4 1354/5/4
f 1362/18/8 1364/22/8 1363/15/8 1360/14/8
f 1355/12/5 1361/23/5 1360/14/5 1356/2/5
f 1365/21/9 1357/8/9 1359/1/9 1363/15/9
f 1371/1/1 1368/2/1 1372/14/1 1375/15/1
f 1366/5/2 1367/6/2 1368/7/2
f 1369/8/3 1370/9/3 1371/10/3
f 1372/16/6 1373/17/6 1374/18/6
f 1375/19/7 1376/20/7 1377/21/7
f 1368/2/4 1371/1/4 1370/11/4 1366/5/4
f 1374/18/8 1376/22/8 1375/15/8 1372/14/8
f 1367/12/5 1373/23/5 1372/14/5 1368/2/5
f 1377/21/9 1369/8/9 1371/1/9 1375/15/9
f 1383/1/1 1380/2/1 1384/14/1 1387/15/1
f 1378/5/2 1379/6/2 1380/7/2
f 1381/8/3 1382/9/3 1383/10/3
f 1384/16/6 1385/17/6 1386/18/6
f 1387/19/7 1388/20/7 1389/21/7
f 1380/2/4 1383/1/4 1382/11/4 1378/5/4
f 1386/18/8 1388/22/8 1387/15/8 1384/14/8
f 1379/12/5 1385/23/5 1384/14/5 1380/2/5
f 1389/21/9 1381/8/9 1383/1/9 1387/15/9
f 1395/1/1 1392/2/1 1396/14/1 1399/15/1
f 1390/5/2 1391/6/2 1392/7/2
f 1393/8/3 1394/9/3 1395/10/3
f 1396/16/6 1397/17/6 1398/18/6
f 1399/19/7 1400/20/7 1401/21/7
f 1392/2/4 1395/1/4 1394/11/4 1390/5/4
f 1398/18/8 1400/22/8 1399/15/8 1396/14/8
f 1391/12/5 1397/23/5 1396/14/5 1392/2/5
f 1401/21/9 1393/8/9 1395/1/9 1399/15/9
f 1407/1/1 1404/2/1 1408/14/1 1411/15/1
f 1402/5/2 1403/6/2 1404/7/2
f 1405/8/3 1406/9/3 1407/10/3
f 1408/16/6 1409/17/6 1410/18/6
f 1411/19/7 1412/20/7 1413/21/7
f 1404/2/4 1407/1/4 1406/11/4 1402/5/4
f 1410/18/8 1412/22/8 1411/15/8 1408/14/8
f 1403/12/5 1409/23/5 1408/14/5 1404/2/5
f 1413/21/9 1405/8/9 1407/1/9 1411/15/9
f 1419/1/1 1416/2/1 1420/14/1 1423/15/1
f 1414/5/2 1415/6/2 1416/7/2
f 1417/8/3 1418/9/3 1419/10/3
f 1420/16/6 1421/17/6 1422/18/6
f 1423/19/7 1424/20/7 1425/21/7
f 1416/2/4 1419/1/4 1418/11/4 1414/5/4
f 1422/18/8 1424/22/8 1423/15/8 1420/14/8
f 1415/12/5 1421/23/5 1420/14/5 1416/2/5
f 1425/21/9 1417/8/9 1419/1/9 1423/15/9
f 1431/1/1 1428/2/1 1432/14/1 1435/15/1
f 1426/5/2 1427/6/2 1428/7/2
f 1429/8/3 1430/9/3 1431/10/3
f 1432/16/6 1433/17/6 1434/18/6
f 1435/19/7 1436/20/7 1437/21/7
f 1428/2/4 1431/1/4 1430/11/4 1426/5/4
f 1434/18/8 1436/22/8 1435/15/8 1432/14/8
f 1427/12/5 1433/23/5 1432/14/5 1428/2/5
f 1437/21/9 1429/8/9 1431/1/9 1435/15/9
f 1443/1/1 1440/2/1 1444/14/1 1447/15/1
f 1438/5/2 1439/6/2 1440/7/2
f 1441/8/3 1442/9/3 1443/10/3
f 1444/16/6 1445/17/6 1446/18/6
f 1447/19/7 1448/20/7 1449/21/7
f 1440/2/4 1443/1/4 1442/11/4 1438/5/4
f 1446/18/8 1448/22/8 1447/15/8 1444/14/8
f 1439/12/5 1445/23/5 1444/14/5 1440/2/5
f 1449/21/9 1441/8/9 1443/1/9 1447/15/9
f 1455/1/1 1452/2/1 1456/14/1 1459/15/1
f 1450/5/2 1451/6/2 1452/7/2
f 1453/8/3 1454/9/3 1455/10/3
f 1456/16/6 1457/17/6 1458/18/6
f 1459/19/7 1460/20/7 1461/21/7
f 1452/2/4 1455/1/4 1454/11/4 1450/5/4
f 1458/18/8 1460/22/8 1459/15/8 1456/14/8
f 1451/12/5 1457/23/5 1456/14/5 1452/2/5
f 1461/21/9 1453/8/9 1455/1/9 1459/15/9
f 1467/1/1 1464/2/1 1468/14/1 1471/15/1
f 1462/5/2 1463/6/2 1464/7/2
f 1465/8/3 1466/9/3 1467/10/3
f 1468/16/6 1469/17/6 1470/18/6
f 1471/19/7 1472/20/7 1473/21/7
f 1464/2/4 1467/1/4 1466/11/4 1462/5/4
f 1470/18/8 1472/22/8 1471/15/8 1468/14/8
f 1463/12/5 1469/23/5 1468/14/5 1464/2/5
f 1473/21/9 1465/8/9 1467/1/9 1471/15/9
f 1479/1/1 1476/2/1 1480/14/1 1483/15/1
f 1474/5/2 1475/6/2 1476/7/2
f 1477/8/3 1478/9/3 1479/10/3
f 1480/16/6 1481/17/6 1482/18/6
f 1483/19/7 1484/20/7 1485/21/7
f 1476/2/4 1479/1/4 1478/11/4 1474/5/4
f 1482/18/8 1484/22/8 1483/15/8 1480/14/8
f 1475/12/5 1481/23/5 1480/14/5 1476/2/5
f 1485/21/9 1477/8/9 1479/1/9 1483/15/9
f 1491/1/1 1488/2/1 1492/14/1 1495/15/1
f 1486/5/2 1487/6/2 1488/7/2
f 1489/8/3 1490/9/3 1491/10/3
f 1492/16/6 1493/17/6 1494/18/6
f 1495/19/7 1496/20/7 1497/21/7
f 1488/2/4 1491/1/4 1490/11/4 1486/5/4
f 1494/18/8 1496/22/8 1495/15/8 1492/14/8
f 1487/12/5 1493/23/5 1492/14/5 1488/2/5
f 1497/21/9 1489/8/9 1491/1/9 1495/15/9
f 1503/1/1 1500/2/1 1504/14/1 1507/15/1
f 1498/5/2 1499/6/2 1500/7/2
f 1501/8/3 1502/9/3 1503/10/3
f 1504/16/6 1505/17/6 1506/18/6
f 1507/19/7 1508/20/7 1509/21/7
f 1500/2/4 1503/1/4 1502/11/4 1498/5/4
f 1506/18/8 1508/22/8 1507/15/8 1504/14/8
f 1499/12/5 1505/23/5 1504/14/5 1500/2/5
f 1509/21/9 1501/8/9 1503/1/9 1507/15/9
f 1515/1/1 1512/2/1 1516/14/1 1519/15/1
f 1510/5/2 1511/6/2 1512/7/2
f 1513/8/3 1514/9/3 1515/10/3
f 1516/16/6 1517/17/6 1518/18/6
f 1519/19/7 1520/20/7 1521/21/7
f 1512/2/4 1515/1/4 1514/11/4 1510/5/4
f 1518/18/8 1520/22/8 1519/15/8 1516/14/8
f 1511/12/5 1517/23/5 1516/14/5 1512/2/5
f 1521/21/9 1513/8/9 1515/1/9 1519/15/9
f 1527/1/1 1524/2/1 1528/14/1 1531/15/1
f 1522/5/2 1523/6/2 1524/7/2
f 1525/8/3 1526/9/3 1527/10/3
f 1528/16/6 1529/17/6 1530/18/6
f 1531/19/7 1532/20/7 1533/21/7
f 1524/2/4 1527/1/4 1526/11/4 1522/5/4
f 1530/18/8 1532/22/8 1531/15/8 1528/14/8
f 1523/12/5 1529/23/5 1528/14/5 1524/2/5
f 1533/21/9 1525/8/9 1527/1/9 1531/15/9
f 1539/1/1 1536/2/1 1540/14/1 1543/15/1
f 1534/5/2 1535/6/2 1536/7/2
f 1537/8/3 1538/9/3 1539/10/3
f 1540/16/6 1541/17/6 1542/18/6
f 1543/19/7 1544/20/7 1545/21/7
f 1536/2/4 1539/1/4 1538/11/4 1534/5/4
f 1542/18/8 1544/22/8 1543/15/8 1540/14/8
f 1535/12/5 1541/23/5 1540/14/5 1536/2/5
f 1545/21/9 1537/8/9 1539/1/9 1543/15/9
f 1551/1/1 1548/2/1 1552/14/1 1555/15/1
f 1546/5/2 1547/6/2 1548/7/2
f 1549/8/3 1550/9/3 1551/10/3
f 1552/16/6 1553/17/6 1554/18/6
f 1555/19/7 1556/20/7 1557/21/7
f 1548/2/4 1551/1/4 1550/11/4 1546/5/4
f 1554/18/8 1556/22/8 1555/15/8 1552/14/8
f 1547/12/5 1553/23/5 1552/14/5 1548/2/5
f 1557/21/9 1549/8/9 1551/1/9 1555/15/9
f 1563/1/1 1560/2/1 1564/14/1 1567/15/1
f 1558/5/2 1559/6/2 1560/7/2
f 1561/8/3 1562/9/3 1563/10/3
f 1564/16/6 1565/17/6 1566/18/6
f 1567/19/7 1568/20/7 1569/21/7
f 1560/2/4 1563/1/4 1562/11/4 1558/5/4
f 1566/18/8 1568/22/8 1567/15/8 1564/14/8
f 1559/12/5 1565/23/5 1564/14/5 1560/2/5
f 1569/21/9 1561/8/9 1563/1/9 1567/15/9
f 1575/1/1 1572/2/1 1576/14/1 1579/15/1
f 1570/5/2 1571/6/2 1572/7/2
f 1573/8/3 1574/9/3 1575/10/3
f 1576/16/6 1577/17/6 1578/18/6
f 1579/19/7 1580/20/7 1581/21/7
f 1572/2/4 1575/1/4 1574/11/4 1570/5/4
f 1578/18/8 1580/22/8 1579/15/8 1576/14/8
f 1571/12/5 1577/23/5 1576/14/5 1572/2/5
f 1581/21/9 1573/8/9 1575/1/9 1579/15/9
f 1587/1/1 1584/2/1 1588/14/1 1591/15/1
f 1582/5/2 1583/6/2 1584/7/2
f 1585/8/3 1586/9/3 1587/10/3
f 1588/16/6 1589/17/6 1590/18/6
f 1591/19/7 1592/20/7 1593/21/7
f 1584/2/4 1587/1/4 1586/11/4 1582/5/4
f 1590/18/8 1592/22/8 1591/15/8 1588/14/8
f 1583/12/5 1589/23/5 1588/14/5 1584/2/5
f 1593/21/9 1585/8/9 1587/1/9 1591/15/9
f 1599/1/1 1596/2/1 1600/14/1 1603/15/1
f 1594/5/2 1595/6/2 1596/7/2
f 1597/8/3 1598/9/3 1599/10/3
f 1600/16/6 1601/17/6 1602/18/6
f 1603/19/7 1604/20/7 1605/21/7
f 1596/2/4 1599/1/4 1598/11/4 1594/5/4
f 1602/18/8 1604/22/8 1603/15/8 1600/14/8
f 1595/12/5 1601/23/5 1600/14/5 1596/2/5
f 1605/21/9 1597/8/9 1599/1/9 1603/15/9
f 1611/1/1 1608/2/1 1612/14/1 1615/15/1
f 1606/5/2 1607/6/2 1608/7/2
f 1609/8/3 1610/9/3 1611/10/3
f 1612/16/6 1613/17/6 1614/18/6
f 1615/19/7 1616/20/7 1617/21/7
f 1608/2/4 1611/1/4 1610/11/4 1606/5/4
f 1614/18/8 1616/22/8 1615/15/8 1612/14/8
f 1607/12/5 1613/23/5 1612/14/5 1608/2/5
f 1617/21/9 1609/8/9 1611/1/9 1615/15/9
f 1623/1/1 1620/2/1 1624/14/1 1627/15/1
f 1618/5/2 1619/6/2 1620/7/2
f 1621/8/3 1622/9/3 1623/10/3
f 1624/16/6 1625/17/6 1626/18/6
f 1627/19/7 1628/20/7 1629/21/7
f 1620/2/4 1623/1/4 1622/11/4 1618/5/4
f 1626/18/8 1628/22/8 1627/15/8 1624/14/8
f 1619/12/5 1625/23/5 1624/14/5 1620/2/5
f 1629/21/9 1621/8/9 1623/1/9 1627/15/9
f 1630/16/6 1631/17/6 1632/18/6
f 1633/19/7 1634/20/7 1635/21/7
f 1632/18/8 1634/22/8 1633/15/8 1630/14/8
f 1635/21/9 1649/24/9 1647/25/9 1633/15/9
f 1641/1/1 1638/2/1 2654/3/1 2652/4/1
f 1636/5/2 1637/6/2 1638/7/2
f 1639/8/3 1640/9/3 1641/10/3
f 1642/26/5 1643/27/5 1300/23/5 1299/14/5
f 1638/2/4 1641/1/4 1640/11/4 1636/5/4
f 656/25/1 2302/26/1 2290/14/1 2293/15/1
f 1637/12/5 2651/13/5 2654/3/5 1638/2/5
f 2306/26/5 983/27/5 970/23/5 969/14/5
f 1655/1/1 1652/2/1 1656/14/1 1659/15/1
f 1650/5/2 1651/6/2 1652/7/2
f 1653/8/3 1654/9/3 1655/10/3
f 1656/16/6 1657/17/6 1658/18/6
f 1659/19/7 1660/20/7 1661/21/7
f 1652/2/4 1655/1/4 1654/11/4 1650/5/4
f 1658/18/8 1660/22/8 1659/15/8 1656/14/8
f 1651/12/5 1657/23/5 1656/14/5 1652/2/5
f 1661/21/9 1653/8/9 1655/1/9 1659/15/9
f 1667/1/1 1664/2/1 1668/14/1 1671/15/1
f 1662/5/2 1663/6/2 1664/7/2
f 1665/8/3 1666/9/3 1667/10/3
f 1668/16/6 1669/17/6 1670/18/6
f 1671/19/7 1672/20/7 1673/21/7
f 1664/2/4 1667/1/4 1666/11/4 1662/5/4
f 1670/18/8 1672/22/8 1671/15/8 1668/14/8
f 1663/12/5 1669/23/5 1668/14/5 1664/2/5
f 1673/21/9 1665/8/9 1667/1/9 1671/15/9
f 1679/1/1 1676/2/1 1680/14/1 1683/15/1
f 1674/5/2 1675/6/2 1676/7/2
f 1677/8/3 1678/9/3 1679/10/3
f 1680/16/6 1681/17/6 1682/18/6
f 1683/19/7 1684/20/7 1685/21/7
f 1676/2/4 1679/1/4 1678/11/4 1674/5/4
f 1682/18/8 1684/22/8 1683/15/8 1680/14/8
f 1675/12/5 1681/23/5 1680/14/5 1676/2/5
f 1685/21/9 1677/8/9 1679/1/9 1683/15/9
f 1691/1/1 1688/2/1 1692/14/1 1695/15/1
f 1686/5/2 1687/6/2 1688/7/2
f 1689/8/3 1690/9/3 1691/10/3
f 1692/16/6 1693/17/6 1694/18/6
f 1695/19/7 1696/20/7 1697/21/7
f 1688/2/4 1691/1/4 1690/11/4 1686/5/4
f 1694/18/8 1696/22/8 1695/15/8 1692/14/8
f 1687/12/5 1693/23/5 1692/14/5 1688/2/5
f 1697/21/11 1689/8/11 1691/1/11 1695/15/11
f 1703/1/1 1700/2/1 1704/14/1 1707/15/1
f 1698/5/2 1699/6/2 1700/7/2
f 1701/8/3 1702/9/3 1703/10/3
f 1704/16/6 1705/17/6 1706/18/6
f 1707/19/7 1708/20/7 1709/21/7
f 1700/2/4 1703/1/4 1702/11/4 1698/5/4
f 1706/18/8 1708/22/8 1707/15/8 1704/14/8
f 1699/12/5 1705/23/5 1704/14/5 1700/2/5
f 1709/21/9 1701/8/9 1703/1/9 1707/15/9
f 1715/1/1 1712/2/1 1716/14/1 1719/15/1
f 1710/5/2 1711/6/2 1712/7/2
f 1713/8/3 1714/9/3 1715/10/3
f 1716/16/6 1717/17/6 1718/18/6
f 1719/19/7 1720/20/7 1721/21/7
f 1712/2/4 1715/1/4 1714/11/4 1710/5/4
f 1718/18/8 1720/22/8 1719/15/8 1716/14/8
f 1711/12/5 1717/23/5 1716/14/5 1712/2/5
f 1721/21/9 1713/8/9 1715/1/9 1719/15/9
f 1727/1/1 1724/2/1 1728/14/1 1731/15/1
f 1722/5/2 1723/6/2 1724/7/2
f 1725/8/3 1726/9/3 1727/10/3
f 1728/16/6 1729/17/6 1730/18/6
f 1731/19/7 1732/20/7 1733/21/7
f 1724/2/4 1727/1/4 1726/11/4 1722/5/4
f 1730/18/8 1732/22/8 1731/15/8 1728/14/8
f 1723/12/5 1729/23/5 1728/14/5 1724/2/5
f 1733/21/9 1725/8/9 1727/1/9 1731/15/9
f 1739/1/1 1736/2/1 1740/14/1 1743/15/1
f 1734/5/2 1735/6/2 1736/7/2
f 1737/8/3 1738/9/3 1739/10/3
f 1740/16/6 1741/17/6 1742/18/6
f 1743/19/7 1744/20/7 1745/21/7
f 1736/2/4 1739/1/4 1738/11/4 1734/5/4
f 1742/18/8 1744/22/8 1743/15/8 1740/14/8
f 1735/12/5 1741/23/5 1740/14/5 1736/2/5
f 1745/21/9 1737/8/9 1739/1/9 1743/15/9
f 1751/1/1 1748/2/1 1752/14/1 1755/15/1
f 1746/5/2 1747/6/2 1748/7/2
f 1749/8/3 1750/9/3 1751/10/3
f 1752/16/6 1753/17/6 1754/18/6
f 1755/19/7 1756/20/7 1757/21/7
f 1748/2/4 1751/1/4 1750/11/4 1746/5/4
f 1754/18/8 1756/22/8 1755/15/8 1752/14/8
f 1747/12/5 1753/23/5 1752/14/5 1748/2/5
f 1757/21/9 1749/8/9 1751/1/9 1755/15/9
f 1763/1/1 1760/2/1 1764/14/1 1767/15/1
f 1758/5/2 1759/6/2 1760/7/2
f 1761/8/3 1762/9/3 1763/10/3
f 1764/16/6 1765/17/6 1766/18/6
f 1767/19/7 1768/20/7 1769/21/7
f 1760/2/4 1763/1/4 1762/11/4 1758/5/4
f 1766/18/8 1768/22/8 1767/15/8 1764/14/8
f 1759/12/5 1765/23/5 1764/14/5 1760/2/5
f 1769/21/9 1761/8/9 1763/1/9 1767/15/9
f 1775/1/1 1772/2/1 1776/14/1 1779/15/1
f 1770/5/2 1771/6/2 1772/7/2
f 1773/8/3 1774/9/3 1775/10/3
f 1776/16/6 1777/17/6 1778/18/6
f 1779/19/7 1780/20/7 1781/21/7
f 1772/2/4 1775/1/4 1774/11/4 1770/5/4
f 1778/18/8 1780/22/8 1779/15/8 1776/14/8
f 1771/12/5 1777/23/5 1776/14/5 1772/2/5
f 1781/21/9 1773/8/9 1775/1/9 1779/15/9
f 1787/1/1 1784/2/1 1788/14/1 1791/15/1
f 1782/5/2 1783/6/2 1784/7/2
f 1785/8/3 1786/9/3 1787/10/3
f 1788/16/6 1789/17/6 1790/18/6
f 1791/19/7 1792/20/7 1793/21/7
f 1784/2/4 1787/1/4 1786/11/4 1782/5/4
f 1790/18/8 1792/22/8 1791/15/8 1788/14/8
f 1783/12/5 1789/23/5 1788/14/5 1784/2/5
f 1793/21/9 1785/8/9 1787/1/9 1791/15/9
f 1799/1/1 1796/2/1 1800/14/1 1803/15/1
f 1794/5/2 1795/6/2 1796/7/2
f 1797/8/3 1798/9/3 1799/10/3
f 1800/16/6 1801/17/6 1802/18/6
f 1803/19/7 1804/20/7 1805/21/7
f 1796/2/4 1799/1/4 1798/11/4 1794/5/4
f 1802/18/8 1804/22/8 1803/15/8 1800/14/8
f 1795/12/5 1801/23/5 1800/14/5 1796/2/5
f 1805/21/9 1797/8/9 1799/1/9 1803/15/9
f 1811/1/1 1808/2/1 1812/14/1 1815/15/1
f 1806/5/2 1807/6/2 1808/7/2
f 1809/8/3 1810/9/3 1811/10/3
f 1812/16/6 1813/17/6 1814/18/6
f 1815/19/7 1816/20/7 1817/21/7
f 1808/2/4 1811/1/4 1810/11/4 1806/5/4
f 1814/18/8 1816/22/8 1815/15/8 1812/14/8
f 1807/12/5 1813/23/5 1812/14/5 1808/2/5
f 1817/21/9 1809/8/9 1811/1/9 1815/15/9
f 1823/1/1 1820/2/1 1824/14/1 1827/15/1
f 1818/5/2 1819/6/2 1820/7/2
f 1821/8/3 1822/9/3 1823/10/3
f 1824/16/6 1825/17/6 1826/18/6
f 1827/19/7 1828/20/7 1829/21/7
f 1820/2/4 1823/1/4 1822/11/4 1818/5/4
f 1826/18/8 1828/22/8 1827/15/8 1824/14/8
f 1819/12/5 1825/23/5 1824/14/5 1820/2/5
f 1829/21/9 1821/8/9 1823/1/9 1827/15/9
f 1835/1/1 1832/2/1 1836/14/1 1839/15/1
f 1830/5/2 1831/6/2 1832/7/2
f 1833/8/3 1834/9/3 1835/10/3
f 1836/16/6 1837/17/6 1838/18/6
f 1839/19/7 1840/20/7 1841/21/7
f 1832/2/4 1835/1/4 1834/11/4 1830/5/4
f 1838/18/8 1840/22/8 1839/15/8 1836/14/8
f 1831/12/5 1837/23/5 1836/14/5 1832/2/5
f 1841/21/9 1833/8/9 1835/1/9 1839/15/9
f 1847/1/1 1844/2/1 1848/14/1 1851/15/1
f 1842/5/2 1843/6/2 1844/7/2
f 1845/8/3 1846/9/3 1847/10/3
f 1848/16/6 1849/17/6 1850/18/6
f 1851/19/7 1852/20/7 1853/21/7
f 1844/2/4 1847/1/4 1846/11/4 1842/5/4
f 1850/18/8 1852/22/8 1851/15/8 1848/14/8
f 1843/12/5 1849/23/5 1848/14/5 1844/2/5
f 1853/21/9 1845/8/9 1847/1/9 1851/15/9
f 1859/1/1 1856/2/1 1860/14/1 1863/15/1
f 1854/5/2 1855/6/2 1856/7/2
f 1857/8/3 1858/9/3 1859/10/3
f 1860/16/6 1861/17/6 1862/18/6
f 1863/19/7 1864/20/7 1865/21/7
f 1856/2/4 1859/1/4 1858/11/4 1854/5/4
f 1862/18/8 1864/22/8 1863/15/8 1860/14/8
f 1855/12/5 1861/23/5 1860/14/5 1856/2/5
f 1865/21/9 1857/8/9 1859/1/9 1863/15/9
f 1871/1/1 1868/2/1 1872/14/1 1875/15/1
f 1866/5/2 1867/6/2 1868/7/2
f 1869/8/3 1870/9/3 1871/10/3
f 1872/16/6 1873/17/6 1874/18/6
f 1875/19/7 1876/20/7 1877/21/7
f 1868/2/4 1871/1/4 1870/11/4 1866/5/4
f 1874/18/8 1876/22/8 1875/15/8 1872/14/8
f 1867/12/5 1873/23/5 1872/14/5 1868/2/5
f 1877/21/9 1869/8/9 1871/1/9 1875/15/9
f 1883/1/1 1880/2/1 1884/14/1 1887/15/1
f 1878/5/2 1879/6/2 1880/7/2
f 1881/8/3 1882/9/3 1883/10/3
f 1884/16/6 1885/17/6 1886/18/6
f 1887/19/7 1888/20/7 1889/21/7
f 1880/2/4 1883/1/4 1882/11/4 1878/5/4
f 1886/18/8 1888/22/8 1887/15/8 1884/14/8
f 1879/12/5 1885/23/5 1884/14/5 1880/2/5
f 1889/21/9 1881/8/9 1883/1/9 1887/15/9
f 1895/1/1 1892/2/1 1896/14/1 1899/15/1
f 1890/5/2 1891/6/2 1892/7/2
f 1893/8/3 1894/9/3 1895/10/3
f 1896/16/6 1897/17/6 1898/18/6
f 1899/19/7 1900/20/7 1901/21/7
f 1892/2/4 1895/1/4 1894/11/4 1890/5/4
f 1898/18/8 1900/22/8 1899/15/8 1896/14/8
f 1891/12/5 1897/23/5 1896/14/5 1892/2/5
f 1901/21/9 1893/8/9 1895/1/9 1899/15/9
f 1907/1/1 1904/2/1 1908/14/1 1911/15/1
f 1902/5/2 1903/6/2 1904/7/2
f 1905/8/3 1906/9/3 1907/10/3
f 1908/16/6 1909/17/6 1910/18/6
f 1911/19/7 1912/20/7 1913/21/7
f 1904/2/4 1907/1/4 1906/11/4 1902/5/4
f 1910/18/8 1912/22/8 1911/15/8 1908/14/8
f 1903/12/5 1909/23/5 1908/14/5 1904/2/5
f 1913/21/9 1905/8/9 1907/1/9 1911/15/9
f 1919/1/1 1916/2/1 1920/14/1 1923/15/1
f 1914/5/2 1915/6/2 1916/7/2
f 1917/8/3 1918/9/3 1919/10/3
f 1920/16/6 1921/17/6 1922/18/6
f 1923/19/7 1924/20/7 1925/21/7
f 1916/2/4 1919/1/4 1918/11/4 1914/5/4
f 1922/18/8 1924/22/8 1923/15/8 1920/14/8
f 1915/12/5 1921/23/5 1920/14/5 1916/2/5
f 1925/21/9 1917/8/9 1919/1/9 1923/15/9
f 1931/1/1 1928/2/1 1932/14/1 1935/15/1
f 1926/5/2 1927/6/2 1928/7/2
f 1929/8/3 1930/9/3 1931/10/3
f 1932/16/6 1933/17/6 1934/18/6
f 1935/19/7 1936/20/7 1937/21/7
f 1928/2/4 1931/1/4 1930/11/4 1926/5/4
f 1934/18/8 1936/22/8 1935/15/8 1932/14/8
f 1927/12/5 1933/23/5 1932/14/5 1928/2/5
f 1937/21/9 1929/8/9 1931/1/9 1935/15/9
f 1943/1/1 1940/2/1 1944/14/1 1947/15/1
f 1938/5/2 1939/6/2 1940/7/2
f 1941/8/3 1942/9/3 1943/10/3
f 1944/16/6 1945/17/6 1946/18/6
f 1947/19/7 1948/20/7 1949/21/7
f 1940/2/4 1943/1/4 1942/11/4 1938/5/4
f 1946/18/8 1948/22/8 1947/15/8 1944/14/8
f 1939/12/5 1945/23/5 1944/14/5 1940/2/5
f 1949/21/9 1941/8/9 1943/1/9 1947/15/9
f 1955/1/1 1952/2/1 1956/14/1 1959/15/1
f 1950/5/2 1951/6/2 1952/7/2
f 1953/8/3 1954/9/3 1955/10/3
f 1956/16/6 1957/17/6 1958/18/6
f 1959/19/7 1960/20/7 1961/21/7
f 1952/2/4 1955/1/4 1954/11/4 1950/5/4
f 1958/18/8 1960/22/8 1959/15/8 1956/14/8
f 1951/12/5 1957/23/5 1956/14/5 1952/2/5
f 1961/21/9 1953/8/9 1955/1/9 1959/15/9
f 1962/16/6 1963/17/6 1964/18/6
f 1965/19/7 1966/20/7 1967/21/7
f 1964/18/8 1966/22/8 1965/15/8 1962/14/8
f 1967/21/9 1645/24/9 655/25/9 1965/15/9
f 1647/25/1 2304/26/1 1630/14/1 1633/15/1
f 1973/1/1 1970/2/1 2656/3/1 2628/4/1
f 1968/5/2 1969/6/2 1970/7/2
f 1971/8/3 1972/9/3 1973/10/3
f 655/25/1 1316/26/1 1962/14/1 1965/15/1
f 986/26/5 981/27/5 320/23/5 319/14/5
f 1970/2/4 1973/1/4 1972/11/4 1968/5/4
f 1648/25/1 1312/26/1 2619/14/1 2622/15/1
f 1969/12/5 2642/13/5 2656/3/5 1970/2/5
f 1983/1/1 1980/2/1 1984/14/1 1987/15/1
f 1978/5/2 1979/6/2 1980/7/2
f 1981/8/3 1982/9/3 1983/10/3
f 1984/16/6 1985/17/6 1986/18/6
f 1987/19/7 1988/20/7 1989/21/7
f 1980/2/4 1983/1/4 1982/11/4 1978/5/4
f 1986/18/8 1988/22/8 1987/15/8 1984/14/8
f 1979/12/5 1985/23/5 1984/14/5 1980/2/5
f 1989/21/9 1981/8/9 1983/1/9 1987/15/9
f 1995/1/1 1992/2/1 1996/14/1 1999/15/1
f 1990/5/2 1991/6/2 1992/7/2
f 1993/8/3 1994/9/3 1995/10/3
f 1996/16/6 1997/17/6 1998/18/6
f 1999/19/7 2000/20/7 2001/21/7
f 1992/2/4 1995/1/4 1994/11/4 1990/5/4
f 1998/18/8 2000/22/8 1999/15/8 1996/14/8
f 1991/12/5 1997/23/5 1996/14/5 1992/2/5
f 2001/21/9 1993/8/9 1995/1/9 1999/15/9
f 2007/1/1 2004/2/1 2008/14/1 2011/15/1
f 2002/5/2 2003/6/2 2004/7/2
f 2005/8/3 2006/9/3 2007/10/3
f 2008/16/6 2009/17/6 2010/18/6
f 2011/19/7 2012/20/7 2013/21/7
f 2004/2/4 2007/1/4 2006/11/4 2002/5/4
f 2010/18/8 2012/22/8 2011/15/8 2008/14/8
f 2003/12/5 2009/23/5 2008/14/5 2004/2/5
f 2013/21/9 2005/8/9 2007/1/9 2011/15/9
f 2019/1/1 2016/2/1 2020/14/1 2023/15/1
f 2014/5/2 2015/6/2 2016/7/2
f 2017/8/3 2018/9/3 2019/10/3
f 2020/16/6 2021/17/6 2022/18/6
f 2023/19/7 2024/20/7 2025/21/7
f 2016/2/4 2019/1/4 2018/11/4 2014/5/4
f 2022/18/8 2024/22/8 2023/15/8 2020/14/8
f 2015/12/5 2021/23/5 2020/14/5 2016/2/5
f 2025/21/9 2017/8/9 2019/1/9 2023/15/9
f 2031/1/1 2028/2/1 2032/14/1 2035/15/1
f 2026/5/2 2027/6/2 2028/7/2
f 2029/8/3 2030/9/3 2031/10/3
f 2032/16/6 2033/17/6 2034/18/6
f 2035/19/7 2036/20/7 2037/21/7
f 2028/2/4 2031/1/4 2030/11/4 2026/5/4
f 2034/18/8 2036/22/8 2035/15/8 2032/14/8
f 2027/12/5 2033/23/5 2032/14/5 2028/2/5
f 2037/21/9 2029/8/9 2031/1/9 2035/15/9
f 2043/1/1 2040/2/1 2044/14/1 2047/15/1
f 2038/5/2 2039/6/2 2040/7/2
f 2041/8/3 2042/9/3 2043/10/3
f 2044/16/6 2045/17/6 2046/18/6
f 2047/19/7 2048/20/7 2049/21/7
f 2040/2/4 2043/1/4 2042/11/4 2038/5/4
f 2046/18/8 2048/22/8 2047/15/8 2044/14/8
f 2039/12/5 2045/23/5 2044/14/5 2040/2/5
f 2049/21/9 2041/8/9 2043/1/9 2047/15/9
f 2055/1/1 2052/2/1 2056/14/1 2059/15/1
f 2050/5/2 2051/6/2 2052/7/2
f 2053/8/3 2054/9/3 2055/10/3
f 2056/16/6 2057/17/6 2058/18/6
f 2059/19/7 2060/20/7 2061/21/7
f 2052/2/4 2055/1/4 2054/11/4 2050/5/4
f 2058/18/8 2060/22/8 2059/15/8 2056/14/8
f 2051/12/5 2057/23/5 2056/14/5 2052/2/5
f 2061/21/9 2053/8/9 2055/1/9 2059/15/9
f 2067/1/1 2064/2/1 2068/14/1 2071/15/1
f 2062/5/2 2063/6/2 2064/7/2
f 2065/8/3 2066/9/3 2067/10/3
f 2068/16/6 2069/17/6 2070/18/6
f 2071/19/7 2072/20/7 2073/21/7
f 2064/2/4 2067/1/4 2066/11/4 2062/5/4
f 2070/18/8 2072/22/8 2071/15/8 2068/14/8
f 2063/12/5 2069/23/5 2068/14/5 2064/2/5
f 2073/21/9 2065/8/9 2067/1/9 2071/15/9
f 2079/1/1 2076/2/1 2080/14/1 2083/15/1
f 2074/5/2 2075/6/2 2076/7/2
f 2077/8/3 2078/9/3 2079/10/3
f 2080/16/6 2081/17/6 2082/18/6
f 2083/19/7 2084/20/7 2085/21/7
f 2076/2/4 2079/1/4 2078/11/4 2074/5/4
f 2082/18/8 2084/22/8 2083/15/8 2080/14/8
f 2075/12/5 2081/23/5 2080/14/5 2076/2/5
f 2085/21/9 2077/8/9 2079/1/9 2083/15/9
f 2091/1/1 2088/2/1 2092/14/1 2095/15/1
f 2086/5/2 2087/6/2 2088/7/2
f 2089/8/3 2090/9/3 2091/10/3
f 2092/16/6 2093/17/6 2094/18/6
f 2095/19/7 2096/20/7 2097/21/7
f 2088/2/4 2091/1/4 2090/11/4 2086/5/4
f 2094/18/8 2096/22/8 2095/15/8 2092/14/8
f 2087/12/5 2093/23/5 2092/14/5 2088/2/5
f 2097/21/9 2089/8/9 2091/1/9 2095/15/9
f 2103/1/1 2100/2/1 2104/14/1 2107/15/1
f 2098/5/2 2099/6/2 2100/7/2
f 2101/8/3 2102/9/3 2103/10/3
f 2104/16/6 2105/17/6 2106/18/6
f 2107/19/7 2108/20/7 2109/21/7
f 2100/2/4 2103/1/4 2102/11/4 2098/5/4
f 2106/18/8 2108/22/8 2107/15/8 2104/14/8
f 2099/12/5 2105/23/5 2104/14/5 2100/2/5
f 2109/21/9 2101/8/9 2103/1/9 2107/15/9
f 2115/1/1 2112/2/1 2116/14/1 2119/15/1
f 2110/5/2 2111/6/2 2112/7/2
f 2113/8/3 2114/9/3 2115/10/3
f 2116/16/6 2117/17/6 2118/18/6
f 2119/19/7 2120/20/7 2121/21/7
f 2112/2/4 2115/1/4 2114/11/4 2110/5/4
f 2118/18/8 2120/22/8 2119/15/8 2116/14/8
f 2111/12/5 2117/23/5 2116/14/5 2112/2/5
f 2121/21/9 2113/8/9 2115/1/9 2119/15/9
f 2127/1/1 2124/2/1 2128/14/1 2131/15/1
f 2122/5/2 2123/6/2 2124/7/2
f 2125/8/3 2126/9/3 2127/10/3
f 2128/16/6 2129/17/6 2130/18/6
f 2131/19/7 2132/20/7 2133/21/7
f 2124/2/4 2127/1/4 2126/11/4 2122/5/4
f 2130/18/8 2132/22/8 2131/15/8 2128/14/8
f 2123/12/5 2129/23/5 2128/14/5 2124/2/5
f 2133/21/9 2125/8/9 2127/1/9 2131/15/9
f 2139/1/1 2136/2/1 2140/14/1 2143/15/1
f 2134/5/2 2135/6/2 2136/7/2
f 2137/8/3 2138/9/3 2139/10/3
f 2140/16/6 2141/17/6 2142/18/6
f 2143/19/7 2144/20/7 2145/21/7
f 2136/2/4 2139/1/4 2138/11/4 2134/5/4
f 2142/18/8 2144/22/8 2143/15/8 2140/14/8
f 2135/12/5 2141/23/5 2140/14/5 2136/2/5
f 2145/21/9 2137/8/9 2139/1/9 2143/15/9
f 2151/1/1 2148/2/1 2152/14/1 2155/15/1
f 2146/5/2 2147/6/2 2148/7/2
f 2149/8/3 2150/9/3 2151/10/3
f 2152/16/6 2153/17/6 2154/18/6
f 2155/19/7 2156/20/7 2157/21/7
f 2148/2/4 2151/1/4 2150/11/4 2146/5/4
f 2154/18/8 2156/22/8 2155/15/8 2152/14/8
f 2147/12/5 2153/23/5 2152/14/5 2148/2/5
f 2157/21/9 2149/8/9 2151/1/9 2155/15/9
f 2163/1/1 2160/2/1 2164/14/1 2167/15/1
f 2158/5/2 2159/6/2 2160/7/2
f 2161/8/3 2162/9/3 2163/10/3
f 2164/16/6 2165/17/6 2166/18/6
f 2167/19/7 2168/20/7 2169/21/7
f 2160/2/4 2163/1/4 2162/11/4 2158/5/4
f 2166/18/8 2168/22/8 2167/15/8 2164/14/8
f 2159/12/5 2165/23/5 2164/14/5 2160/2/5
f 2169/21/9 2161/8/9 2163/1/9 2167/15/9
f 2175/1/1 2172/2/1 2176/14/1 2179/15/1
f 2170/5/2 2171/6/2 2172/7/2
f 2173/8/3 2174/9/3 2175/10/3
f 2176/16/6 2177/17/6 2178/18/6
f 2179/19/7 2180/20/7 2181/21/7
f 2172/2/4 2175/1/4 2174/11/4 2170/5/4
f 2178/18/8 2180/22/8 2179/15/8 2176/14/8
f 2171/12/5 2177/23/5 2176/14/5 2172/2/5
f 2181/21/9 2173/8/9 2175/1/9 2179/15/9
f 2187/1/1 2184/2/1 2188/14/1 2191/15/1
f 2182/5/2 2183/6/2 2184/7/2
f 2185/8/3 2186/9/3 2187/10/3
f 2188/16/6 2189/17/6 2190/18/6
f 2191/19/7 2192/20/7 2193/21/7
f 2184/2/4 2187/1/4 2186/11/4 2182/5/4
f 2190/18/8 2192/22/8 2191/15/8 2188/14/8
f 2183/12/5 2189/23/5 2188/14/5 2184/2/5
f 2193/21/9 2185/8/9 2187/1/9 2191/15/9
f 2199/1/1 2196/2/1 2200/14/1 2203/15/1
f 2194/5/2 2195/6/2 2196/7/2
f 2197/8/3 2198/9/3 2199/10/3
f 2200/16/6 2201/17/6 2202/18/6
f 2203/19/7 2204/20/7 2205/21/7
f 2196/2/4 2199/1/4 2198/11/4 2194/5/4
f 2202/18/8 2204/22/8 2203/15/8 2200/14/8
f 2195/12/5 2201/23/5 2200/14/5 2196/2/5
f 2205/21/9 2197/8/9 2199/1/9 2203/15/9
f 2211/1/1 2208/2/1 2212/14/1 2215/15/1
f 2206/5/2 2207/6/2 2208/7/2
f 2209/8/3 2210/9/3 2211/10/3
f 2212/16/6 2213/17/6 2214/18/6
f 2215/19/7 2216/20/7 2217/21/7
f 2208/2/4 2211/1/4 2210/11/4 2206/5/4
f 2214/18/8 2216/22/8 2215/15/8 2212/14/8
f 2207/12/5 2213/23/5 2212/14/5 2208/2/5
f 2217/21/9 2209/8/9 2211/1/9 2215/15/9
f 2223/1/1 2220/2/1 2224/14/1 2227/15/1
f 2218/5/2 2219/6/2 2220/7/2
f 2221/8/3 2222/9/3 2223/10/3
f 2224/16/6 2225/17/6 2226/18/6
f 2227/19/7 2228/20/7 2229/21/7
f 2220/2/4 2223/1/4 2222/11/4 2218/5/4
f 2226/18/8 2228/22/8 2227/15/8 2224/14/8
f 2219/12/5 2225/23/5 2224/14/5 2220/2/5
f 2229/21/9 2221/8/9 2223/1/9 2227/15/9
f 2235/1/1 2232/2/1 2236/14/1 2239/15/1
f 2230/5/2 2231/6/2 2232/7/2
f 2233/8/3 2234/9/3 2235/10/3
f 2236/16/6 2237/17/6 2238/18/6
f 2239/19/7 2240/20/7 2241/21/7
f 2232/2/4 2235/1/4 2234/11/4 2230/5/4
f 2238/18/8 2240/22/8 2239/15/8 2236/14/8
f 2231/12/5 2237/23/5 2236/14/5 2232/2/5
f 2241/21/9 2233/8/9 2235/1/9 2239/15/9
f 2247/1/1 2244/2/1 2248/14/1 2251/15/1
f 2242/5/2 2243/6/2 2244/7/2
f 2245/8/3 2246/9/3 2247/10/3
f 2248/16/6 2249/17/6 2250/18/6
f 2251/19/7 2252/20/7 2253/21/7
f 2244/2/4 2247/1/4 2246/11/4 2242/5/4
f 2250/18/8 2252/22/8 2251/15/8 2248/14/8
f 2243/12/5 2249/23/5 2248/14/5 2244/2/5
f 2253/21/9 2245/8/9 2247/1/9 2251/15/9
f 2259/1/1 2256/2/1 2260/14/1 2263/15/1
f 2254/5/2 2255/6/2 2256/7/2
f 2257/8/3 2258/9/3 2259/10/3
f 2260/16/6 2261/17/6 2262/18/6
f 2263/19/7 2264/20/7 2265/21/7
f 2256/2/4 2259/1/4 2258/11/4 2254/5/4
f 2262/18/8 2264/22/8 2263/15/8 2260/14/8
f 2255/12/5 2261/23/5 2260/14/5 2256/2/5
f 2265/21/9 2257/8/9 2259/1/9 2263/15/9
f 2271/1/1 2268/2/1 2272/14/1 2275/15/1
f 2266/5/2 2267/6/2 2268/7/2
f 2269/8/3 2270/9/3 2271/10/3
f 2272/16/6 2273/17/6 2274/18/6
f 2275/19/7 2276/20/7 2277/21/7
f 2268/2/4 2271/1/4 2270/11/4 2266/5/4
f 2274/18/8 2276/22/8 2275/15/8 2272/14/8
f 2267/12/5 2273/23/5 2272/14/5 2268/2/5
f 2277/21/9 2269/8/9 2271/1/9 2275/15/9
f 2283/1/1 2280/2/1 2284/14/1 2287/15/1
f 2278/5/2 2279/6/2 2280/7/2
f 2281/8/3 2282/9/3 2283/10/3
f 2284/16/6 2285/17/6 2286/18/6
f 2287/19/7 2288/20/7 2289/21/7
f 2280/2/4 2283/1/4 2282/11/4 2278/5/4
f 2286/18/8 2288/22/8 2287/15/8 2284/14/8
f 2279/12/5 2285/23/5 2284/14/5 2280/2/5
f 2289/21/9 2281/8/9 2283/1/9 2287/15/9
f 2290/16/6 2291/17/6 2292/18/6
f 2293/19/7 2294/20/7 2295/21/7
f 2292/18/8 2294/22/8 2293/15/8 2290/14/8
f 2295/21/9 1646/24/9 656/25/9 2293/15/9
f 2302/26/5 2303/27/5 2291/23/5 2290/14/5
f 2304/26/5 2305/27/5 1631/23/5 1630/14/5
f 2301/1/1 2298/2/1 2625/3/1 2643/4/1
f 2296/5/2 2297/6/2 2298/7/2
f 2299/8/3 2300/9/3 2301/10/3
f 2298/2/4 2301/1/4 2300/11/4 2296/5/4
f 1644/26/5 1317/27/5 644/23/5 643/14/5
f 2297/12/5 2655/13/5 2625/3/5 2298/2/5
f 1312/26/5 1315/27/5 2620/23/5 2619/14/5
f 1316/26/5 1313/27/5 1963/23/5 1962/14/5
f 2312/1/1 2309/2/1 2313/14/1 2316/15/1
f 2307/5/2 2308/6/2 2309/7/2
f 2310/8/3 2311/9/3 2312/10/3
f 2313/16/6 2314/17/6 2315/18/6
f 2316/19/7 2317/20/7 2318/21/7
f 2309/2/4 2312/1/4 2311/11/4 2307/5/4
f 2315/18/8 2317/22/8 2316/15/8 2313/14/8
f 2308/12/5 2314/23/5 2313/14/5 2309/2/5
f 2318/21/9 2310/8/9 2312/1/9 2316/15/9
f 2324/1/1 2321/2/1 2325/14/1 2328/15/1
f 2319/5/2 2320/6/2 2321/7/2
f 2322/8/3 2323/9/3 2324/10/3
f 2325/16/6 2326/17/6 2327/18/6
f 2328/19/7 2329/20/7 2330/21/7
f 2321/2/4 2324/1/4 2323/11/4 2319/5/4
f 2327/18/8 2329/22/8 2328/15/8 2325/14/8
f 2320/12/5 2326/23/5 2325/14/5 2321/2/5
f 2330/21/9 2322/8/9 2324/1/9 2328/15/9
f 2336/1/1 2333/2/1 2337/14/1 2340/15/1
f 2331/5/2 2332/6/2 2333/7/2
f 2334/8/3 2335/9/3 2336/10/3
f 2337/16/6 2338/17/6 2339/18/6
f 2340/19/7 2341/20/7 2342/21/7
f 2333/2/4 2336/1/4 2335/11/4 2331/5/4
f 2339/18/8 2341/22/8 2340/15/8 2337/14/8
f 2332/12/5 2338/23/5 2337/14/5 2333/2/5
f 2342/21/9 2334/8/9 2336/1/9 2340/15/9
f 2348/1/1 2345/2/1 2349/14/1 2352/15/1
f 2343/5/2 2344/6/2 2345/7/2
f 2346/8/3 2347/9/3 2348/10/3
f 2349/16/6 2350/17/6 2351/18/6
f 2352/19/7 2353/20/7 2354/21/7
f 2345/2/4 2348/1/4 2347/11/4 2343/5/4
f 2351/18/8 2353/22/8 2352/15/8 2349/14/8
f 2344/12/5 2350/23/5 2349/14/5 2345/2/5
f 2354/21/9 2346/8/9 2348/1/9 2352/15/9
f 2360/1/1 2357/2/1 2361/14/1 2364/15/1
f 2355/5/2 2356/6/2 2357/7/2
f 2358/8/3 2359/9/3 2360/10/3
f 2361/16/6 2362/17/6 2363/18/6
f 2364/19/7 2365/20/7 2366/21/7
f 2357/2/4 2360/1/4 2359/11/4 2355/5/4
f 2363/18/8 2365/22/8 2364/15/8 2361/14/8
f 2356/12/5 2362/23/5 2361/14/5 2357/2/5
f 2366/21/9 2358/8/9 2360/1/9 2364/15/9
f 2372/1/1 2369/2/1 2373/14/1 2376/15/1
f 2367/5/2 2368/6/2 2369/7/2
f 2370/8/3 2371/9/3 2372/10/3
f 2373/16/6 2374/17/6 2375/18/6
f 2376/19/7 2377/20/7 2378/21/7
f 2369/2/4 2372/1/4 2371/11/4 2367/5/4
f 2375/18/8 2377/22/8 2376/15/8 2373/14/8
f 2368/12/5 2374/23/5 2373/14/5 2369/2/5
f 2378/21/9 2370/8/9 2372/1/9 2376/15/9
f 2384/1/1 2381/2/1 2385/14/1 2388/15/1
f 2379/5/2 2380/6/2 2381/7/2
f 2382/8/3 2383/9/3 2384/10/3
f 2385/16/6 2386/17/6 2387/18/6
f 2388/19/7 2389/20/7 2390/21/7
f 2381/2/4 2384/1/4 2383/11/4 2379/5/4
f 2387/18/8 2389/22/8 2388/15/8 2385/14/8
f 2380/12/5 2386/23/5 2385/14/5 2381/2/5
f 2390/21/9 2382/8/9 2384/1/9 2388/15/9
f 2396/1/1 2393/2/1 2397/14/1 2400/15/1
f 2391/5/2 2392/6/2 2393/7/2
f 2394/8/3 2395/9/3 2396/10/3
f 2397/16/6 2398/17/6 2399/18/6
f 2400/19/7 2401/20/7 2402/21/7
f 2393/2/4 2396/1/4 2395/11/4 2391/5/4
f 2399/18/8 2401/22/8 2400/15/8 2397/14/8
f 2392/12/5 2398/23/5 2397/14/5 2393/2/5
f 2402/21/9 2394/8/9 2396/1/9 2400/15/9
f 2408/1/1 2405/2/1 2409/14/1 2412/15/1
f 2403/5/2 2404/6/2 2405/7/2
f 2406/8/3 2407/9/3 2408/10/3
f 2409/16/6 2410/17/6 2411/18/6
f 2412/19/7 2413/20/7 2414/21/7
f 2405/2/4 2408/1/4 2407/11/4 2403/5/4
f 2411/18/8 2413/22/8 2412/15/8 2409/14/8
f 2404/12/5 2410/23/5 2409/14/5 2405/2/5
f 2414/21/9 2406/8/9 2408/1/9 2412/15/9
f 2420/1/1 2417/2/1 2421/14/1 2424/15/1
f 2415/5/2 2416/6/2 2417/7/2
f 2418/8/3 2419/9/3 2420/10/3
f 2421/16/6 2422/17/6 2423/18/6
f 2424/19/7 2425/20/7 2426/21/7
f 2417/2/4 2420/1/4 2419/11/4 2415/5/4
f 2423/18/8 2425/22/8 2424/15/8 2421/14/8
f 2416/12/5 2422/23/5 2421/14/5 2417/2/5
f 2426/21/9 2418/8/9 2420/1/9 2424/15/9
f 2432/1/1 2429/2/1 2433/14/1 2436/15/1
f 2427/5/2 2428/6/2 2429/7/2
f 2430/8/3 2431/9/3 2432/10/3
f 2433/16/6 2434/17/6 2435/18/6
f 2436/19/7 2437/20/7 2438/21/7
f 2429/2/4 2432/1/4 2431/11/4 2427/5/4
f 2435/18/8 2437/22/8 2436/15/8 2433/14/8
f 2428/12/5 2434/23/5 2433/14/5 2429/2/5
f 2438/21/9 2430/8/9 2432/1/9 2436/15/9
f 2444/1/1 2441/2/1 2445/14/1 2448/15/1
f 2439/5/2 2440/6/2 2441/7/2
f 2442/8/3 2443/9/3 2444/10/3
f 2445/16/6 2446/17/6 2447/18/6
f 2448/19/7 2449/20/7 2450/21/7
f 2441/2/4 2444/1/4 2443/11/4 2439/5/4
f 2447/18/8 2449/22/8 2448/15/8 2445/14/8
f 2440/12/5 2446/23/5 2445/14/5 2441/2/5
f 2450/21/9 2442/8/9 2444/1/9 2448/15/9
f 2456/1/1 2453/2/1 2457/14/1 2460/15/1
f 2451/5/2 2452/6/2 2453/7/2
f 2454/8/3 2455/9/3 2456/10/3
f 2457/16/6 2458/17/6 2459/18/6
f 2460/19/7 2461/20/7 2462/21/7
f 2453/2/4 2456/1/4 2455/11/4 2451/5/4
f 2459/18/8 2461/22/8 2460/15/8 2457/14/8
f 2452/12/5 2458/23/5 2457/14/5 2453/2/5
f 2462/21/9 2454/8/9 2456/1/9 2460/15/9
f 2468/1/1 2465/2/1 2469/14/1 2472/15/1
f 2463/5/2 2464/6/2 2465/7/2
f 2466/8/3 2467/9/3 2468/10/3
f 2469/16/6 2470/17/6 2471/18/6
f 2472/19/7 2473/20/7 2474/21/7
f 2465/2/4 2468/1/4 2467/11/4 2463/5/4
f 2471/18/8 2473/22/8 2472/15/8 2469/14/8
f 2464/12/10 2470/23/10 2469/14/10 2465/2/10
f 2474/21/9 2466/8/9 2468/1/9 2472/15/9
f 2480/1/1 2477/2/1 2481/14/1 2484/15/1
f 2475/5/2 2476/6/2 2477/7/2
f 2478/8/3 2479/9/3 2480/10/3
f 2481/16/6 2482/17/6 2483/18/6
f 2484/19/7 2485/20/7 2486/21/7
f 2477/2/4 2480/1/4 2479/11/4 2475/5/4
f 2483/18/8 2485/22/8 2484/15/8 2481/14/8
f 2476/12/5 2482/23/5 2481/14/5 2477/2/5
f 2486/21/9 2478/8/9 2480/1/9 2484/15/9
f 2492/1/1 2489/2/1 2493/14/1 2496/15/1
f 2487/5/2 2488/6/2 2489/7/2
f 2490/8/3 2491/9/3 2492/10/3
f 2493/16/6 2494/17/6 2495/18/6
f 2496/19/7 2497/20/7 2498/21/7
f 2489/2/4 2492/1/4 2491/11/4 2487/5/4
f 2495/18/8 2497/22/8 2496/15/8 2493/14/8
f 2488/12/5 2494/23/5 2493/14/5 2489/2/5
f 2498/21/9 2490/8/9 2492/1/9 2496/15/9
f 2504/1/1 2501/2/1 2505/14/1 2508/15/1
f 2499/5/2 2500/6/2 2501/7/2
f 2502/8/3 2503/9/3 2504/10/3
f 2505/16/6 2506/17/6 2507/18/6
f 2508/19/7 2509/20/7 2510/21/7
f 2501/2/4 2504/1/4 2503/11/4 2499/5/4
f 2507/18/8 2509/22/8 2508/15/8 2505/14/8
f 2500/12/5 2506/23/5 2505/14/5 2501/2/5
f 2510/21/9 2502/8/9 2504/1/9 2508/15/9
f 2516/1/1 2513/2/1 2517/14/1 2520/15/1
f 2511/5/2 2512/6/2 2513/7/2
f 2514/8/3 2515/9/3 2516/10/3
f 2517/16/6 2518/17/6 2519/18/6
f 2520/19/7 2521/20/7 2522/21/7
f 2513/2/4 2516/1/4 2515/11/4 2511/5/4
f 2519/18/8 2521/22/8 2520/15/8 2517/14/8
f 2512/12/5 2518/23/5 2517/14/5 2513/2/5
f 2522/21/9 2514/8/9 2516/1/9 2520/15/9
f 2528/1/1 2525/2/1 2529/14/1 2532/15/1
f 2523/5/2 2524/6/2 2525/7/2
f 2526/8/3 2527/9/3 2528/10/3
f 2529/16/6 2530/17/6 2531/18/6
f 2532/19/7 2533/20/7 2534/21/7
f 2525/2/4 2528/1/4 2527/11/4 2523/5/4
f 2531/18/8 2533/22/8 2532/15/8 2529/14/8
f 2524/12/5 2530/23/5 2529/14/5 2525/2/5
f 2534/21/9 2526/8/9 2528/1/9 2532/15/9
f 2540/1/1 2537/2/1 2541/14/1 2544/15/1
f 2535/5/2 2536/6/2 2537/7/2
f 2538/8/3 2539/9/3 2540/10/3
f 2541/16/6 2542/17/6 2543/18/6
f 2544/19/7 2545/20/7 2546/21/7
f 2537/2/4 2540/1/4 2539/11/4 2535/5/4
f 2543/18/8 2545/22/8 2544/15/8 2541/14/8
f 2536/12/5 2542/23/5 2541/14/5 2537/2/5
f 2546/21/9 2538/8/9 2540/1/9 2544/15/9
f 2552/1/1 2549/2/1 2553/14/1 2556/15/1
f 2547/5/2 2548/6/2 2549/7/2
f 2550/8/3 2551/9/3 2552/10/3
f 2553/16/6 2554/17/6 2555/18/6
f 2556/19/7 2557/20/7 2558/21/7
f 2549/2/4 2552/1/4 2551/11/4 2547/5/4
f 2555/18/8 2557/22/8 2556/15/8 2553/14/8
f 2548/12/5 2554/23/5 2553/14/5 2549/2/5
f 2558/21/9 2550/8/9 2552/1/9 2556/15/9
f 2564/1/1 2561/2/1 2565/14/1 2568/15/1
f 2559/5/2 2560/6/2 2561/7/2
f 2562/8/3 2563/9/3 2564/10/3
f 2565/16/6 2566/17/6 2567/18/6
f 2568/19/7 2569/20/7 2570/21/7
f 2561/2/4 2564/1/4 2563/11/4 2559/5/4
f 2567/18/8 2569/22/8 2568/15/8 2565/14/8
f 2560/12/5 2566/23/5 2565/14/5 2561/2/5
f 2570/21/9 2562/8/9 2564/1/9 2568/15/9
f 2576/1/1 2573/2/1 2577/14/1 2580/15/1
f 2571/5/2 2572/6/2 2573/7/2
f 2574/8/3 2575/9/3 2576/10/3
f 2577/16/6 2578/17/6 2579/18/6
f 2580/19/7 2581/20/7 2582/21/7
f 2573/2/4 2576/1/4 2575/11/4 2571/5/4
f 2579/18/8 2581/22/8 2580/15/8 2577/14/8
f 2572/12/5 2578/23/5 2577/14/5 2573/2/5
f 2582/21/9 2574/8/9 2576/1/9 2580/15/9
f 2588/1/1 2585/2/1 2589/14/1 2592/15/1
f 2583/5/2 2584/6/2 2585/7/2
f 2586/8/3 2587/9/3 2588/10/3
f 2589/16/6 2590/17/6 2591/18/6
f 2592/19/7 2593/20/7 2594/21/7
f 2585/2/4 2588/1/4 2587/11/4 2583/5/4
f 2591/18/8 2593/22/8 2592/15/8 2589/14/8
f 2584/12/5 2590/23/5 2589/14/5 2585/2/5
f 2594/21/9 2586/8/9 2588/1/9 2592/15/9
f 2600/1/1 2597/2/1 2601/14/1 2604/15/1
f 2595/5/2 2596/6/2 2597/7/2
f 2598/8/3 2599/9/3 2600/10/3
f 2601/16/6 2602/17/6 2603/18/6
f 2604/19/7 2605/20/7 2606/21/7
f 2597/2/4 2600/1/4 2599/11/4 2595/5/4
f 2603/18/8 2605/22/8 2604/15/8 2601/14/8
f 2596/12/5 2602/23/5 2601/14/5 2597/2/5
f 2606/21/9 2598/8/9 2600/1/9 2604/15/9
f 2612/1/1 2609/2/1 2613/14/1 2616/15/1
f 2607/5/2 2608/6/2 2609/7/2
f 2610/8/3 2611/9/3 2612/10/3
f 2613/16/6 2614/17/6 2615/18/6
f 2616/19/7 2617/20/7 2618/21/7
f 2609/2/4 2612/1/4 2611/11/4 2607/5/4
f 2615/18/8 2617/22/8 2616/15/8 2613/14/8
f 2608/12/5 2614/23/5 2613/14/5 2609/2/5
f 2618/21/9 2610/8/9 2612/1/9 2616/15/9
f 2619/16/6 2620/17/6 2621/18/6
f 2622/19/7 2623/20/7 2624/21/7
f 2621/18/8 2623/22/8 2622/15/8 2619/14/8
f 2624/21/9 1977/24/9 1648/25/9 2622/15/9
f 2643/4/9 2632/28/9 2299/8/9 2301/1/9
f 2636/4/9 2646/28/9 978/8/9 980/1/9
f 2628/4/9 2640/28/9 1971/8/9 1973/1/9
f 2652/4/9 2638/28/9 1639/8/9 1641/1/9
f 2639/4/9 2637/28/9 1308/8/9 1310/1/9
f 2630/4/9 2627/28/9 328/8/9 330/1/9
f 2634/4/9 2653/28/9 4/8/9 6/1/9
f 2633/4/9 2631/28/9 652/8/9 654/1/9
f 1974/25/1 2306/26/1 969/14/1 972/15/1
f 1976/25/1 986/26/1 319/14/1 322/15/1
f 2643/4/12 2625/3/12 2655/13/12 2632/28/12
f 2628/4/12 2656/3/12 2642/13/12 2640/28/12
f 2654/3/12 2651/13/12 2638/28/12 2652/4/12
f 2639/4/12 2650/3/12 2648/13/12 2637/28/12
f 2636/4/12 2649/3/12 2645/13/12 2646/28/12
f 2633/4/12 2644/3/12 2626/13/12 2631/28/12
f 2635/13/12 2627/28/12 2630/4/12 2641/3/12
f 2647/13/12 2653/28/12 2634/4/12 2629/3/12
f 986/26/13 1976/25/13 1314/24/13 981/27/13
f 1644/26/13 985/25/13 1311/24/13 1317/27/13
f 2306/26/14 1974/25/14 1975/24/14 983/27/14
f 1642/26/13 982/25/13 984/24/13 1643/27/13
f 1647/25/13 1649/24/13 2305/27/13 2304/26/13
f 1645/24/13 1313/27/13 1316/26/13 655/25/13
f 2302/26/13 656/25/13 1646/24/13 2303/27/13
f 1312/26/13 1648/25/13 1977/24/13 1315/27/13
o Plane
v 0.056205 3.039308 0.000000
v 0.056205 -0.098527 0.000005
v 0.056205 3.039312 -5.793170
v 0.056205 -0.098523 -5.793165
vn 1.0000 -0.0000 -0.0000
vt 0.000000 0.000000
vt 1.000000 0.000000
vt 1.000000 1.000000
vt 0.000000 1.000000
s 0
usemtl mushroom_brown_non-metalic_(rough)
f 2657/29/15 2658/30/15 2660/31/15 2659/32/15
